;0;1;2;3;4;5;6;7;8;9;10;11;12;13;14;15
0;0,0;41,525427277936096;39,89143530486154;46,552789913165206;48,468886020940275;41,6407514795177;35,70065458587538;18,551424592093685;15,268232758216216;-71,22414851040786;-63,0744419788425;-56,157595177235635;-50,846441627200385;-47,20227794989313;0,0;1,0
1;0,0;45,4363639311632;44,9181826248665;50,81487173159739;50,78134337797305;45,09195804504489;39,963597753477686;23,626638705048002;18,53158472740343;-67,3864379856296;-59,182948683848615;-52,46710664538475;-47,141748857289365;-43,82334959324051;0,5;2,0
2;0,0;46,84684194553484;48,6125702284565;56,31731321605013;51,86752744235769;47,05954887210581;38,42505455704652;26,703314214751487;21,469865238352803;-64,28839878591474;-55,98893182649838;-49,17090167246491;-44,159077940930096;-40,59457016956276;1,0;3,0
3;0,0;48,121953327983356;52,728585128786094;60,55259119049573;57,31928521767702;48,95574261429768;42,8837345722225;30,759739353592025;29,620115139469373;-59,182948683848615;-51,03324215228326;-44,733926680137785;-39,96508074019487;-36,66609717171772;1,5;4,0
4;0,0;51,60843724202806;59,412447859594465;64,77963438046905;63,616722495912946;53,138166844441734;52,17404896575704;37,694943911370274;31,890108267309007;-55,501744909309494;-47,20227794989312;-40,233185038050735;-34,93623667424207;-31,3017016116719;2,0;5,0
5;0,0;49,74826375543213;56,23639444541155;64,68954263975101;69,0032470519914;64,50532785243378;60,261341319888345;49,18032447909483;43,670188204569264;-50,66357403840299;-42,52567701190371;-35,533387529506975;-30,591491553026486;-27,479376317434355;2,5;6,0
6;0,0;48,25265655467251;59,98150108934873;65,61978706778616;64,51372572314993;57,63817637009279;51,09536173403167;42,267642448841;35,83703972044641;-53,40703789890922;-45,01264223900363;-38,55477939881613;-33,73580076848796;-30,378765256110785;3,0;7,0
7;0,0;51,65425313103356;61,02357484254615;67,69508500890728;66,81143951800071;59,57264194064699;58,33301822525779;48,94669147263923;37,594738344602774;-50,48447718534447;-42,66865784769699;-36,45206031364976;-31,52860317022103;-28,158016104300636;3,5;8,0
8;0,0;49,04153227568688;56,258248109123656;66,45588760570396;61,23852909351335;57,95732452623737;50,85837287731937;39,13690687173309;33,34160639969654;-54,46116490922928;-46,22659904607587;-39,70500473513272;-34,995627604014075;-31,061611985793935;4,0;9,0
9;0,0;50,73359929778947;56,22943898864931;68,27426327727417;68,92848390639398;60,427525619937626;51,36516249550846;41,98752118529001;32,2775218926766;-53,67168866508044;-45,34953337195822;-38,13847802765048;-32,18229786309254;-27,436213993703493;4,5;10,0
10;0,0;51,17544988066246;56,530231659135175;72,61918453971639;65,28749552157976;60,87690937365883;52,989115206221754;44,79948800530331;38,0843431756458;-50,22257122354151;-42,2123243667956;-35,1762765342774;-30,0606912039457;-25,786800437302258;5,0;11,0
11;0,0;52,07165700454684;60,111981852924295;66,81188250938808;66,91431201760356;60,95636900717666;54,04837243775391;47,310479403259784;37,53144519626873;-50,846441627200385;-42,81403177899228;-36,39936516939041;-31,63925294222025;-28,27405722026704;5,5;12,0
12;0,0;51,07134803215;55,1074068478701;61,26604461482995;62,24162772000754;59,264378293011376;48,016061198892224;40,03773082595855;39,818749176528314;-56,157595177235635;-48,03013165305762;-41,42810278083283;-36,612091466306104;-33,029463751836055;6,0;13,0
13;0,0;52,09205372299494;53,91396175081131;63,097564776070705;62,42625050296603;56,048864989370834;45,01236966174156;36,21916769349176;39,027205544141715;-56,157595177235635;-48,03013165305762;-41,30401653280714;-36,522821516721955;-32,94787146273353;6,5;14,0
14;0,0;52,83595375783558;59,90985704549384;69,41813575585705;66,03720917906236;59,39316906712341;52,771100013039614;44,458524485769374;35,316104184240174;-50,5825650163228;-42,49029655712677;-35,90581263107522;-31,061611985793935;-27,87780181544434;7,0;15,0
15;0,0;51,45541659880414;61,57772067141653;67,84116604423372;71,74155843909969;58,27512489081367;53,896047434001595;47,012002013040956;39,551922822182206;-48,653291292865354;-40,31525704682628;-33,73580076848796;-28,915636760962443;-25,782156955921746;7,5;16,0
16;0,0;52,463582254877934;55,74668319375852;66,15765826461036;65,05010801794175;59,04773138010916;50,58297140800651;42,273200374779805;38,42302698766415;-53,78750264517783;-45,44823772546847;-38,64502321982191;-33,41945518428073;-30,128483857456153;8,0;17,0
17;0,0;51,90883292109446;57,11719074661622;67,24716546075813;68,10132933474381;64,6038612371739;51,53185626892502;43,58871783250666;38,790913019284034;-51,51861364682198;-43,78228148061933;-37,42022690983759;-32,36745863500595;-28,50383764056803;8,5;18,0
18;1,0;44,74581875369185;62,01422927936647;59,708338524798776;64,56679409327771;59,229053247467505;55,940349918479825;49,78854815068275;30,810937196321863;-59,42763781218885;-51,51861364682198;-45,25193807959649;-40,48176482250891;-36,922661087872115;0,0;1,0
19;1,0;41,47763797441674;54,76253934305751;47,082993173822956;47,156230037400675;46,96393326974836;43,744908406064226;33,201625468756745;34,70689572583922;-78,26779887263511;-70,30899869919436;-63,0744419788425;-57,24474842368749;-50,939339728115655;0,5;2,0
20;1,0;38,745305918422524;43,78495082718285;55,542659418209006;62,49925678989899;60,1960397860494;55,425142482370944;54,164883517205844;41,09881975883024;-66,22659904607586;-57,63962958760263;-50,39629480724336;-44,28839878591474;-39,70500473513272;1,0;3,0
21;1,0;48,8617846854452;66,91256224945062;62,50217825592561;65,27297763964253;55,56493150708907;51,805008554002;44,13433234070298;38,41538348150448;-73,40703789890922;-64,73392668013778;-57,05384206556288;-43,46054508275024;-35,36076254146589;1,5;4,0
22;1,0;50,27214297146081;70,7547803428299;64,21662707526937;71,48850010297674;67,0364680897621;62,09664782201674;53,06385561893619;51,483206037359125;-53,40703789890922;-45,498013733542365;-38,62237421184374;-33,59518726934584;-30,026992268801948;2,0;5,0
23;1,0;52,35244165582361;67,38389959808664;68,75013658842485;72,30978800474357;62,040168390404126;56,46190137551699;50,78533499795241;37,053797046029985;-63,0744419788425;-54,891958466351475;-46,44650673210513;-36,941280365394356;-30,618452432318506;2,5;6,0
24;1,0;46,863508738699615;51,7452645734349;50,947854668172496;50,24263678970759;53,03715341632308;41,72595893132229;33,193119023374024;33,935710668455606;-70,30899869919436;-62,009531739778005;-55,04043882793561;-50,22257122354151;-47,021941583505615;3,0;7,0
25;1,0;43,924163299959645;51,55008847890414;60,77833837833051;67,42198851737344;57,84711457801023;51,88674967885955;52,47337644688372;44,70256642103742;-61,06103874121523;-53,04254149678524;-46,22659904607587;-40,4259068188255;-36,0056515422252;3,5;8,0
26;1,0;53,00842821582698;56,815573582524266;63,57448628826312;65,7061985795614;56,78551235994873;51,10403534734397;46,317329833462196;41,570510812568244;-59,42763781218885;-51,321198566296104;-44,733926680137785;-40,01804364598864;-36,922661087872115;4,0;9,0
27;1,0;44,08426638313238;49,71217307902373;53,59296886730813;48,11291443509697;47,87244998826078;41,79113312039946;35,05621564878313;35,29087256186375;-71,22414851040786;-63,46054508275024;-57,24474842368749;-52,24719895935549;-48,510896470406394;4,5;10,0
28;1,0;49,60823701187165;54,23960974320587;52,557923808272065;49,788419502838686;44,40529996588214;41,426749001198985;36,039098685359676;37,09567312347366;-72,24719895935547;-64,28839878591474;-57,43994516947061;-52,57918419574472;-48,3015877968431;5,0;11,0
29;1,0;54,85405006668776;73,9299968554924;71,2440335666798;72,47275990491447;69,62717053665133;61,24646347456754;52,58160039341273;46,469401691542686;-49,80288139389895;-41,58574575837924;-35,31427238781313;-30,62745802113774;-27,293256275001287;5,5;12,0
30;1,0;49,70154944713424;69,31289913121118;62,93705748150201;70,33621972429069;65,98591490130352;52,68696204740735;43,90271896186646;46,99365103066613;-56,32959861247399;-48,16479930623699;-41,39691463372241;-35,95558863914911;-32,23634837750961;6,0;13,0
31;1,0;51,35643903492443;70,7295185142133;69,84755041211693;69,12876080853762;63,43789482768699;54,835718700034676;49,98555934475108;40,49071199330711;-53,532016884449256;-45,598429761043384;-39,255634376950496;-34,59173137050221;-30,79025828595552;6,5;14,0
32;1,0;50,001460088062046;67,18107790433973;66,86575110418077;72,07988725410102;63,04005884285367;45,78752068333902;39,36075772922133;32,27423795343083;-60,76657360480111;-52,24719895935549;-43,66022950088225;-35,23733752133622;-30,537819561622044;7,0;15,0
33;1,0;52,458494228044295;70,01675650884935;65,26902999436822;69,38006286350341;62,55391767890729;48,68605202189555;41,202535987713524;34,82152423165752;-56,32959861247399;-47,831965879852646;-40,56623118965063;-35,100549030730114;-31,498669000543018;7,5;16,0
34;1,0;53,47448489447637;70,11478682309726;64,81507792085844;69,56162019636088;72,40795347446762;62,082730611415826;54,494628498109265;50,25034213958732;-54,322187710122726;-46,051965392896506;-38,3113372577206;-32,692726853578534;-28,952708475957557;8,0;17,0
35;1,0;42,9441275385484;58,28645390642106;53,728024389088546;59,769028177861614;60,84779593535481;47,90543962314213;40,69318364170669;33,72627473786757;-66,78717351808073;-58,94496421785446;-52,35645687338553;-46,22659904607587;-40,97164629211217;8,5;18,0
36;2,0;38,19972301308027;49,73990298745215;60,97661602142898;67,72551623604053;55,82685755407862;55,85164516265738;42,429432351829774;35,595285404087285;-57,84401289123636;-48,16479930623699;-32,87753998827678;-22,988949475178053;-17,825420184233913;0,0;1,0
37;2,0;35,82744337307417;53,095190288396665;61,450333518365056;64,24152413426278;51,89180731217168;50,72282334561376;49,6635497577205;42,636649948359555;-45,598429761043384;-37,2640718791279;-30,23978805700423;-24,31014069873902;-20,16781104098201;0,5;2,0
38;2,0;30,411683370628737;41,596281459384215;50,75991932848849;56,62799579201889;42,38272189666871;50,987200107668485;37,169646269027595;32,36828308083222;-60,205999132796244;-51,92743685167288;-43,989591790056004;-35,92652095010209;-29,36350135151077;1,0;3,0
39;2,0;28,468658309537354;46,13509262887299;60,06555038623447;64,67488991333515;59,254970441396395;52,53291607186031;48,010276934291184;50,43571689020757;-48,581802085699394;-40,04464669783558;-31,89609867105861;-24,75223203915341;-19,87813052595341;1,5;4,0
40;2,0;29,31658716752676;30,53963695570929;39,76779261769336;46,952822004136095;59,095813972737034;52,49916954654129;35,61028997916295;36,95624624916191;-61,06103874121523;-51,92743685167288;-41,77877347190285;-32,77309917518035;-26,683563268005127;2,0;5,0
41;2,0;31,42274520510064;48,65324072789973;50,77099079231157;61,667619891373846;52,617455696254254;45,192866509870754;39,5099560694019;44,33243252971438;-59,67942035834926;-48,37079843903324;-39,07505621813905;-30,29164426856982;-24,17192372533418;2,5;6,0
42;2,0;33,466834169112225;49,172495636445895;57,44618752978643;62,43596506605432;50,88028979747521;45,55161623287104;42,74538137424165;36,25310241858902;-48,945281464271126;-40,88316447801559;-33,75515532641634;-27,58092973651456;-23,611884906848527;3,0;7,0
43;2,0;29,34027693611072;37,24707178543986;47,87895664920959;52,436196540708686;54,489463438674136;50,29154913663913;40,175082622262046;34,302986278441374;-53,16234877056899;-44,91873981483603;-37,80274967996088;-32,692726853578534;-29,02732997992244;3,5;8,0
44;2,0;29,334393665767827;34,4815899718637;48,68580642350476;54,57409670312144;48,23380177570642;39,815280918282305;44,24580799674785;48,605097841172544;-53,283831724812856;-45,39874534291136;-38,921520506893444;-33,89183891040036;-30,205388449118754;4,0;9,0
45;2,0;27,776952359959243;54,256505438124336;60,04218289771805;63,57654466102637;52,43623567361069;54,29104612154013;41,25727443772906;41,675087953595174;-53,283831724812856;-43,06502125946974;-31,340739383622342;-24,784359540757688;-20,844808405133605;4,5;10,0
46;2,0;38,245556296900645;57,41583658770975;63,81045580076582;63,35695909698015;52,87446825881837;58,06145223731715;44,73205161113079;44,09460461300421;-45,39874534291136;-36,86704154048001;-29,827498953045833;-23,747526328105874;-19,87551712789878;5,0;11,0
47;2,0;37,77811156514221;42,58054467940312;57,41893994179223;56,27205102637361;45,200701165044606;50,00686485089961;41,24692822933058;37,98170498199557;-59,42763781218885;-51,7206201849085;-43,0744419788425;-34,44716669566275;-27,529689339426504;5,5;12,0
48;2,0;43,238871830192586;32,60877043583874;57,58762043593964;54,307790434949304;48,58663721615174;46,038073119931944;44,52638040505093;46,92268587485869;-51,321198566296104;-42,70477386496224;-35,65308844989897;-30,718031205112453;-27,612711292785157;6,0;13,0
49;2,0;30,147167982708353;45,70244256082917;63,07837367521569;60,731960870372966;47,01694010925574;51,84331763625142;44,51320464098089;55,081752598927054;-48,72537377824187;-40,233185038050735;-32,995077500872945;-26,291988737372808;-21,487356031202392;6,5;14,0
50;2,0;23,141169508975793;31,058354167217455;44,0816286388184;46,6803491293104;41,73301466788358;36,69262346525042;32,2299742678847;26,686131316866245;-65,20354859712823;-56,86704154048001;-49,72132314549016;-42,49029655712677;-37,053842065562876;7,0;15,0
51;2,0;17,413613164654773;21,47843300749544;41,96727561484592;39,69747988783446;37,72402823278158;37,93187552868838;32,08790935452625;22,859808673018197;-78,26779887263511;-68,72537377824186;-57,63962958760263;-46,391005651009685;-41,1816780366135;7,5;16,0
52;2,0;20,02550589911864;29,783423642136352;50,8915464503572;48,004609801675436;37,134593635073394;37,41110841992945;32,41737630328168;29,635896679966113;-73,40703789890922;-64,28839878591474;-51,92743685167288;-40,68014612914826;-34,010735073692885;8,0;17,0
53;2,0;21,51209308317737;31,22749779317923;48,80565979758966;46,924344507514;46,90096082004136;46,354895794747925;38,861381195499824;43,51137966512043;-58,053321564799646;-49,968331913218755;-42,99923900137636;-37,07274498844913;-32,98325191751046;8,5;18,0
54;3,0;18,607272350235927;24,388874937024912;33,265201974478956;46,495959281246996;31,44618797275622;31,16594457615726;27,46849922957383;6,2476243869012205;-61,06103874121523;-53,04254149678524;-46,11869840834174;-39,730664693641266;-30,958039174817117;0,0;1,0
55;3,0;27,299421037224366;31,386497493284203;44,33323955067194;41,38086105300231;28,74159127559144;33,23926204950099;28,285394760457727;6,1661607313398665;-54,322187710122726;-46,44650673210513;-39,78221315139748;-34,87724908156925;-30,745388360446086;0,5;2,0
56;3,0;33,54935771268699;36,606738406505485;46,40714896817624;42,39615369063293;34,75747187104345;33,40321158007994;29,757082757389483;7,28620175337836;-51,619029674323;-43,1122890523966;-36,157595177235635;-30,827980643336808;-26,874469626129734;1,0;3,0
57;3,0;39,68243557945285;39,7065149812353;48,16732806626338;49,10911027892696;51,489268262133294;41,49953612992488;31,963136176445992;15,664172574408077;-45,8028130646771;-37,82335678248099;-31,09007478451773;-25,434599448627125;-20,6312645978511;1,5;4,0
58;3,0;43,6979127583524;46,20669470579944;52,25796128088034;50,20124284882072;52,95563085406879;43,863956284665676;31,47397212196477;14,571846179522346;-43,57980402222377;-35,25267007542893;-28,144465571695786;-22,37455312911889;-17,718360418291926;2,0;5,0
59;3,0;44,2637490787651;51,86692906793169;55,18582164705913;53,78849787792809;40,5527691446715;45,40550810271952;37,4269952675201;18,734277445369155;-39,679420358349255;-31,864873150414034;-25,093265326094834;-20,106144711142896;-16,78226102589387;2,5;6,0
60;3,0;42,662648021471014;50,61953648159773;53,697275084119205;42,81123026676643;29,47757871344677;34,265183303519436;35,62790275218382;17,434971302280992;-46,96265200423084;-38,69049918568197;-31,272537992876117;-24,082399653118497;-18,699623020174325;3,0;7,0
61;3,0;40,64155820093893;46,586878190689575;44,373416767916;37,74710459962827;28,55235572811802;38,9737859881799;36,894066499850474;18,559059408556152;-49,40253912346121;-41,03113891947621;-34,37751203498577;-29,095041892122126;-25,13146611175173;3,5;8,0
62;3,0;45,35790060573763;50,189920450046934;49,80091887924647;36,88652325987142;34,895820441493385;50,58648586411746;42,32256355301637;18,559967034033857;-43,53986882710227;-35,85632024851811;-28,952708475957557;-23,547841190799236;-19,89932804437852;4,0;9,0
63;3,0;44,75224512272526;53,72909303760324;59,50825179531732;48,23971203790434;47,53357014416412;56,26619452874511;45,66163627019713;26,32072034499719;-36,7568596447845;-28,440564995949657;-21,665653310342595;-16,477202975137338;-13,182881370528378;4,5;10,0
64;3,0;43,223912214296014;49,23120679465707;57,518046320898804;54,29888779254726;47,116694779452395;52,04625559345171;41,86792064100811;25,786733217594815;-39,70500473513272;-31,32852225141659;-24,13771042796958;-18,88472455536944;-14,961279828943558;5,0;11,0
65;3,0;43,59133384312638;50,64441243921856;52,1692214851037;61,18556307166267;50,29184607024496;48,36902013611678;35,89412370273661;17,504900099774094;-37,16788164205228;-28,989939092916966;-21,95292424639674;-16,643103740158942;-12,58561645060105;5,5;12,0
66;3,0;44,1983505446118;52,057607631133294;53,89195111490817;52,54849576681587;42,77089474330325;44,401556734452036;35,17900165791767;13,95044275751399;-40,074008181161396;-31,84411832658883;-25,5380409455678;-20,81884591685484;-17,36505704701581;6,0;13,0
67;3,0;40,49786533115232;48,716723561214366;55,548424281050316;45,16864550980887;42,69182557927478;38,84951882702947;30,473077030985785;11,155345672459681;-42,99923900137636;-34,93623667424207;-28,391669629623507;-22,733775192866894;-18,346325782929604;6,5;14,0
68;3,0;41,83832326737743;49,432608155612236;55,07843935177519;51,174502738346206;38,109416739482015;46,253495126417434;35,50392629803165;14,849045492870607;-41,21210149902416;-32,912634539607794;-25,79764443040494;-20,78686436239053;-17,72284589771938;7,0;15,0
69;3,0;42,300632997625094;52,850544466884685;57,72060536026238;51,05038130714526;38,15493088866177;47,9674722714578;41,08482329872903;20,976679784629315;-41,15136076451451;-32,66989927240235;-25,565667409727865;-19,994170365807054;-15,922372959519826;7,5;16,0
70;3,0;40,242267676414194;43,1116971241845;50,496459283602384;47,37440307309374;47,03373429799181;44,04937988506606;36,779306888409465;15,393510972033784;-44,4196741759625;-36,34698778672656;-29,220569054991508;-23,91542903891372;-20,425906818825503;8,0;17,0
71;3,0;41,78645918017602;46,1910482359185;53,41465593382871;50,76741443051708;43,80626048437594;44,59313542070407;38,33340801963289;17,646871271054124;-41,64961288170624;-33,56986395800335;-26,96856278338923;-22,189272528151946;-18,888805253008258;8,5;18,0
72;4,0;25,209058525676888;28,07024938102222;47,19729259483267;44,90254416305586;30,388607548275708;32,08416194809001;32,4125352253796;33,177564881030996;-68,03013165305762;-59,67942035834926;-52,24719895935549;-41,81136596657302;-31,75133049258022;0,0;1,0
73;4,0;48,65935083754969;50,09429135403857;45,58513167243322;43,76842666099566;40,732786634860716;37,011367392996746;31,962548204706533;27,58454688056804;-59,67942035834926;-50,39629480724336;-39,808102558457456;-32,42267744550559;-27,644609564544474;0,5;2,0
74;4,0;33,5916686686231;47,810025988541994;40,16930489757317;37,355982985042075;44,86767118823681;41,45776753103189;32,449708738856415;26,700702044065924;-59,67942035834926;-51,51861364682198;-43,46054508275024;-35,31427238781313;-30,094521391358896;1,0;3,0
75;4,0;37,35628632930548;37,39515426914529;42,248215148298314;47,957510869656524;39,623489252039256;40,165861086608466;44,46661758246865;40,48740498122334;-58,48770655866438;-50,22257122354151;-43,188481555331904;-37,14877076605211;-29,8934889353232;1,5;4,0
76;4,0;41,30805025413994;51,65387755627245;55,787850473534505;55,13498449610755;47,1242769284983;43,603523927677344;46,54963542496856;40,07371384746594;-46,787173518080735;-38,421147691685825;-30,763674450648505;-25,638923492371667;-22,263771050100758;2,0;5,0
77;4,0;47,89979340277632;58,09466210901756;61,4114786307428;55,1722211094416;61,74040345737808;57,59361766487736;51,7645877284826;33,358638166063685;-39,78221315139748;-31,802756869201367;-24,19767242888828;-17,879241407581755;-14,33709062371048;2,5;6,0
78;4,0;31,623729005960904;46,94483988553529;51,17560573222771;59,976836574524086;61,20616400226119;54,56991312026726;53,063924106730184;35,5148886645968;-45,54807663661845;-36,72044076695198;-27,796121460793152;-20,47336318751104;-15,828235278431173;3,0;7,0
79;4,0;26,719058887069146;46,53428387785256;54,539284627585616;55,125311425446014;55,821827143624745;51,54102118724927;49,15851588471081;29,73546001832743;-43,86875882176171;-35,82348130717858;-28,960141843666744;-23,641061086933288;-19,933457320658864;3,5;8,0
80;4,0;27,14954384685687;38,48391353154838;53,57053646746127;49,288156168770705;62,577271391237275;53,33460493484223;44,28150041063993;35,457295474413876;-47,831965879852646;-39,57782984776375;-31,291969521423432;-23,212429591677207;-16,861314455628758;4,0;9,0
81;4,0;43,626440998853006;46,085744323984926;48,0176970058932;51,423446817946456;53,24229182574035;45,69195157774285;42,39768297618431;34,06670767539323;-51,619029674323;-43,37217976719398;-35,85632024851811;-29,044209144495568;-24,253724529734725;4,5;10,0
82;4,0;30,400316645847116;42,529982301512426;45,670668115359945;51,074988491933794;55,51905728238594;50,778659090590295;45,671112582085485;32,806739332086565;-50,66357403840299;-42,561202172419776;-35,61300210741742;-29,309141560791506;-23,472397560784152;5,0;11,0
83;4,0;27,552236880456608;35,84924031988632;48,15871611003857;51,13167505948646;39,10017748184134;44,522351328161605;45,96171205788545;34,7609044251113;-57,24474842368749;-48,79805947134375;-39,99152182496078;-31,969397752786715;-27,147782820462254;5,5;12,0
84;4,0;25,275797831961633;43,44363328319073;48,878779557516225;48,50690756877778;40,78883736461321;40,64089669755649;34,44591629841784;24,941116695456763;-57,24474842368749;-48,945281464271126;-40,97164629211217;-33,33290467815828;-28,739862338128507;6,0;13,0
85;4,0;26,05465754814759;37,84906291544401;48,969545018345535;57,438666060642845;45,779328322618554;50,98080329998428;44,755581679683274;30,825974069132798;-56,68417395168262;-48,09720449320938;-37,88547306369365;-29,03482751136601;-24,069262099684202;6,5;14,0
86;4,0;30,896200176087255;46,17313920689281;53,10156090291564;55,6793463238556;48,855864777262276;56,561081427640325;47,9938788534824;40,10780240313251;-60,76657360480111;-51,03324215228326;-39,063141410064866;-28,433563069219762;-21,187450348289246;7,0;15,0
87;5,0;46,95325814604761;50,784506501121534;46,40256343566338;45,89583087494268;50,36029835249529;38,69826310795025;29,19568092914712;25,706542648498765;-63,0744419788425;-54,60240199897902;-46,96265200423084;-38,7821716950785;-33,34521635936638;0,0;1,0
88;5,0;38,069828003375605;53,323440441460136;53,58806488117632;54,55836409084128;50,986920494622055;48,4750883928172;46,504044121263064;46,39304628158973;-60,76657360480111;-51,92743685167288;-43,0744419788425;-34,349805824450435;-29,216737608056604;0,5;2,0
89;5,0;42,21089534206371;53,18468217659213;53,30611202316157;55,81177287848491;59,48190518742781;54,010078314705545;42,59630125274703;29,88822922296478;-60,205999132796244;-51,7206201849085;-43,1122890523966;-34,29465713354666;-28,239766257300264;1,0;3,0
90;5,0;46,251797976066236;52,53005995810315;57,41980093351196;59,64417779869588;53,288107588988254;50,46272912497191;43,6450315990991;34,383737613158786;-56,157595177235635;-47,70232332929424;-39,88623702511363;-33,030651160037145;-26,46880684612096;1,5;4,0
91;5,0;47,49351261687214;57,07906182417158;65,28146411517358;64,25268503783856;56,1308208030982;49,4385391269039;43,66484233377931;33,62548480534699;-45,906836938393255;-37,78219135169351;-30,387525609488854;-24,989071289292774;-21,082030026234698;2,0;5,0
92;5,0;47,98362500199932;50,00954702368419;55,16575668579278;56,006816752581116;54,82713793342262;54,18503049733378;43,42731478493408;35,96472581300954;-53,78750264517783;-45,75126460692089;-38,3113372577206;-32,17152800475295;-27,708759705756272;2,5;6,0
93;5,0;42,07081785280465;42,82457254233857;49,521072691849625;52,06373397977336;46,509227675885924;44,219547535852264;41,76607711205412;35,030124565965295;-59,182948683848615;-50,73178845466381;-44,03165429181129;-38,3113372577206;-33,51818165754524;3,0;7,0
94;5,0;39,20302899444917;39,8057623377851;60,74739506736036;58,222483712300665;63,15064502331809;60,930328251138036;43,39266601285344;34,08046885639018;-52,35645687338553;-43,906072976973284;-35,13076085123489;-28,28265166632382;-22,16628295243255;3,5;8,0
95;5,0;37,94750815578147;38,59368743326178;60,04206764844664;54,19799381279739;60,27007790613549;54,88746939541662;42,579714573373124;32,20177818797858;-55,661123502734995;-46,5585842824651;-37,09168913911697;-29,77016614001377;-24,597852519038884;4,0;9,0
96;5,0;40,18745886670832;38,22337359487324;62,716241674850856;57,51862250524263;64,90789205383243;55,91262102116488;40,445664170974716;33,2266407457704;-47,20227794989312;-38,48770655866438;-31,321198566296104;-25,45320250962083;-22,049713259261104;4,5;10,0
97;5,0;39,204693903126014;41,34635901781805;67,52787602049024;59,89722927135615;50,08445401394388;47,24975795254085;46,126344734182766;32,777156478718474;-57,43994516947061;-49,019838914655985;-40,205999132796244;-26,03864355926826;-20,568777956467173;5,0;11,0
98;5,0;41,16353740915923;43,47662347396498;62,104772411655176;57,55928294117343;62,68495435418571;59,86058436906231;44,44005148040158;36,142498608193165;-52,24719895935549;-43,46054508275024;-34,064104763186975;-26,95674524464376;-22,219166344020636;5,5;12,0
99;5,0;39,258090061461345;43,209294721330274;59,82340976418571;50,704919025235796;46,121834741641706;41,22853852776054;43,04760479715037;30,478063744646388;-63,0744419788425;-54,18539921951662;-46,28105621278533;-34,87724908156925;-27,48564953022011;6,0;13,0
100;5,0;41,13593019726871;44,24192539629829;60,71116365455836;51,78419149595075;56,622449367083064;50,23620868356474;41,82237254805388;45,33008687698388;-57,63962958760263;-48,79805947134375;-39,78221315139748;-32,35645687338553;-26,79296604222877;6,5;14,0
101;6,0;28,81783273231159;36,42947243513952;59,837759681171924;54,25419742291243;45,4756768595066;43,88580282272524;43,92851495019137;41,75290229162438;-52,03272165152002;-44,03165429181129;-34,48922919741804;-24,37350259508417;-19,71987841304277;0,0;1,0
102;6,0;27,206397949472265;36,89695220381425;54,047269186239156;55,960997256046916;56,888463365439684;56,41508849406078;43,21955447764725;37,15976617987263;-62,009531739778005;-53,918119988356985;-46,787173518080735;-33,066371112933616;-22,3397817070299;0,5;2,0
103;6,0;29,518863126118955;36,50487333749418;52,893638559666755;53,83356511440378;57,40595368287483;52,63531569590902;38,176966878961444;40,373351126728245;-52,03272165152002;-43,78228148061933;-35,70951298520325;-28,37079843903323;-21,2050950927937;1,0;3,0
104;6,0;31,459109465171334;41,52291021854119;53,06940960293815;53,51708550982646;44,48049424429471;43,484467147007834;40,91033480640557;28,197443990216634;-47,89752007507736;-39,628476578071655;-33,0783104820136;-27,475301378055203;-23,86874992754635;1,5;4,0
105;6,0;36,7483728624275;52,62843610492345;54,822862348132155;58,455588067353986;44,64794228616009;45,023286775051325;47,179750989430474;44,66700348854054;-55,04043882793561;-46,44650673210513;-38,39907426268287;-28,4826955052499;-19,60286310231214;2,0;5,0
106;6,0;48,313367201325406;56,786722443281114;60,447675949640036;62,85171870865287;58,285283362758435;50,872388993073585;40,95477362749883;38,18472027445486;-42,009531739778005;-33,73580076848796;-26,643601825538266;-19,587935596010265;-14,763362865774063;2,5;6,0
107;6,0;47,634229080086776;49,23271492893117;46,97686421073992;50,50617201585795;41,75025268531747;37,00771558926129;27,843313245943456;28,561407316254662;-58,71332676685816;-50,13699526395601;-41,490817057890006;-32,71848121721319;-26,26959200636238;3,0;7,0
108;6,0;50,23209105917304;49,7255367961834;49,01667177602622;53,921826011975355;48,97720215731577;43,847976882036555;38,65114287802967;39,11444147401612;-52,03272165152002;-43,50011640239199;-36,05600466665013;-29,155676620997774;-23,897349999002717;3,5;8,0
109;6,0;47,2873361843825;51,35049278458814;53,702570449797136;53,32253181551985;39,329164696454114;38,51315374293466;48,528175965850686;47,061861238839754;-50,846441627200385;-42,561202172419776;-35,25267007542893;-28,468629284138416;-23,288154662001443;4,0;9,0
110;6,0;50,13591860816721;51,33387550148568;51,174137455089614;53,96546109443739;42,53937726630725;39,64313745054934;46,07740396014239;44,01568507298052;-50,13699526395601;-41,77877347190285;-33,65882044506963;-27,50512512762173;-23,607868310412528;4,5;10,0
111;6,0;49,87605617659058;46,691495776787015;46,7456866604049;52,01601847396198;50,320047873905054;40,801066604371314;35,95913014967926;33,922814743770786;-50,846441627200385;-42,66865784769699;-36,072854118370536;-30,343811930720385;-24,67469929864844;5,0;11,0
112;6,0;32,403472504086395;35,35339977353892;32,67947659157863;25,75416542704712;23,57519831998721;21,913075552134483;21,467421439027472;17,306023770472265;-65,20354859712823;-57,43994516947061;-50,846441627200385;-46,33585696010591;-43,188481555331904;5,5;12,0
113;6,0;47,90228170717704;55,30446525082648;60,38563178134602;61,543071878149725;58,15089350424469;57,12188217427122;48,02570336189553;38,44037263013849;-55,34523815907036;-45,39874534291136;-30,04803979930747;-21,335645204610273;-15,467857489510868;6,0;13,0
114;6,0;39,22911489159264;48,26469186019949;53,50209324000346;56,066387380977794;47,50739700389535;47,044264826008416;37,52649985732516;37,30300027741638;-51,321198566296104;-42,887641453759635;-35,92237295951983;-30,0606912039457;-24,249399964229376;6,5;14,0
115;6,0;43,5897431090714;55,22726058708378;56,84815986212766;52,47412858432394;49,69747984268653;47,54308594307355;36,41581491810841;31,438263626094276;-58,94496421785446;-49,72132314549016;-37,034980191401395;-27,83849908033972;-21,136241718681372;7,0;15,0
116;7,0;56,052370568944106;69,50490244225132;74,93622326223785;78,14858150336163;73,56806326067468;65,72281963886753;55,657733597054495;40,27773163729675;-62,70477386496224;-54,891958466351475;-48,232924280075224;-43,342901438231145;-40,01804364598864;0,0;1,0
117;7,0;57,07644747654171;70,16086430613268;75,02650379669227;79,07015113366866;73,28726910630482;65,64146278762888;55,21287431443706;41,17508964092828;-63,0744419788425;-54,74597369152149;-47,96357278607907;-43,188481555331904;-39,86011402906796;0,5;2,0
118;7,0;54,6870766546407;70,19563352383385;75,0805772687838;77,14247208278869;71,27178730445101;65,17343561078918;57,04154368679001;39,61666817798908;-63,46054508275024;-55,50174490930949;-49,019838914655985;-44,33193717100022;-41,03113891947621;1,0;3,0
119;7,0;56,431353816895;72,12288780637313;75,45226374768946;78,02583280440746;74,66591710169766;66,03913321053429;56,20376927090497;38,93740097671782;-62,70477386496224;-54,46116490922928;-47,831965879852646;-43,03675910135147;-39,75640068176759;1,5;4,0
120;7,0;55,83927028080918;69,77326756822409;76,8465652160357;77,35598988933518;70,94242601337386;65,21022261540246;54,55031832394339;38,235424564329314;-63,0744419788425;-55,04043882793561;-48,37079843903324;-43,78228148061933;-40,37040573773006;2,0;5,0
121;7,0;56,54143921296706;68,12706025335872;74,72441738802519;77,68801162079146;74,46361952551142;66,0836580295938;57,14020394439288;40,83360126828915;-63,0744419788425;-54,74597369152149;-48,16479930623699;-43,42115322549215;-40,17889805109692;2,5;6,0
122;7,0;55,98247275027155;68,52689160581298;75,01773909894641;76,93722886572837;76,06595570590218;69,55422389706908;55,886312384487304;39,330551510495226;-62,70477386496224;-54,46116490922928;-47,96357278607907;-43,15030175918528;-39,834069362963064;3,0;7,0
123;7,0;56,6221665307695;69,03810258777187;75,75941070755488;79,29875944998786;75,20722532120489;67,72631287081583;57,271643317917594;41,024441805614046;-60,76657360480111;-52,92436430457484;-46,50236473578853;-42,17819509051526;-39,01567741415257;3,5;8,0
124;7,0;57,768473604944376;69,70101200099138;75,05450052970103;75,79572648592892;75,53944253766495;70,13481229355816;57,933097478466;41,25843281745415;-62,70477386496224;-54,74597369152149;-48,37079843903324;-43,46054508275024;-40,04198639265083;4,0;9,0
125;7,0;57,56703139005863;69,28446641523327;74,77703807334939;75,24952491195282;70,31490555214275;65,85009368935086;55,79598270238403;42,330959939283005;-64,28839878591474;-56,157595177235635;-49,885212717795596;-45,19151824829885;-42,110336232568464;4,5;10,0
126;7,0;57,937238428793066;69,1126329234209;74,3741339905494;75,70124135886549;71,50185221411166;65,36124280732044;53,81710832225113;37,91015269528011;-64,28839878591474;-55,823481307178575;-49,64052358945536;-45,10757093949287;-41,8440812204582;5,0;11,0
127;7,0;59,329116757864114;71,25978352864087;75,77730851040435;79,09511584563441;72,31501989707635;64,68092140958966;55,31055851768905;40,845194737551296;-61,68172341601461;-53,532016884449256;-47,08163865449486;-42,596873227228116;-39,552616797728874;5,5;12,0
128;7,0;59,9704233688566;69,4735246484463;74,77215860286115;76,61129089657915;70,60667063199675;64,94770227842002;53,985740437903544;38,64551178288941;-64,28839878591474;-56,32959861247399;-49,64052358945536;-44,64297412512337;-41,459403317905384;6,0;13,0
129;7,0;58,643087707402934;67,49438755551253;72,72682304327903;75,7936226249999;70,62123872410842;62,93647110668664;52,29276065217098;37,67746871968532;-64,73392668013778;-56,68417395168262;-50,30899869919436;-45,75126460692089;-42,455059634001046;6,5;14,0
130;7,0;58,96775880524526;69,55580642262652;74,78998016037;75,11376742098322;70,67604241621196;61,60618799937098;52,15347122468592;38,63640337316446;-64,28839878591474;-56,32959861247399;-49,72132314549016;-45,15542720181067;-42,07660457992976;7,0;15,0
131;7,0;58,65732617635744;69,06927316051721;74,521122176046;77,73633141180395;71,30337729829809;63,04293870183948;52,25926683755813;37,318834943222555;-62,70477386496224;-54,60240199897902;-48,232924280075224;-43,82334959324051;-40,623001912258644;7,5;16,0
132;7,0;58,15320634323321;66,66715432184337;73,85067689826384;78,52418331518504;72,59536513918759;67,84370128081679;57,4790291293959;42,01327513496106;-62,35019852575361;-54,322187710122726;-47,96357278607907;-43,342901438231145;-40,37040573773006;8,0;17,0
133;7,0;58,163434851957525;65,85595708566498;73,82125967076662;76,65840261269805;72,94285455878602;65,93925381795678;57,34025113457796;41,844304023952446;-63,86461280451598;-55,66112350273499;-49,24742982952597;-44,4196741759625;-41,21210149902416;8,5;18,0
134;8,0;35,84348820876732;43,319798726372355;38,559462368338224;41,37651859489882;38,735873834225146;34,07924376010262;39,78004216901735;34,02340740885893;-60,76657360480111;-53,28383172481285;-45,70002027162887;-38,94496421785446;-32,6813055637829;0,0;1,0
135;8,0;27,00878267091572;30,288173289231032;54,01442222839782;56,36008141989363;59,9975842038417;54,659868407473695;44,84960501273336;37,63324596953796;-55,04043882793561;-41,459403317905384;-29,36350135151077;-22,683086239117838;-18,527888078147477;0,5;2,0
136;8,0;32,912262781292554;38,13121797012907;54,84653242203461;50,18454650969436;58,23298562801235;50,82224271651229;43,64019870611878;35,17934992995202;-53,16234877056899;-44,508306471944;-35,100549030730114;-26,712220138730626;-20,40088743627049;1,0;3,0
137;8,0;27,025882052905107;35,1418985020958;43,251367207156676;56,82257698567917;46,753464803750305;48,69931481428202;46,05883986327105;38,635731717346296;-58,053321564799646;-49,885212717795596;-41,5539874427866;-31,846711129773915;-24,37920545240211;1,5;4,0
138;8,0;29,829272855688064;36,80022731718728;46,89109282540889;55,937553427857345;54,29899172598671;53,43750680860839;43,319044505838384;44,21099660178655;-50,57356401386946;-41,36583807234998;-32,494992541288326;-25,64907649135128;-21,474781906114863;2,0;5,0
139;8,0;30,762900773196343;42,63749748335147;50,47733486037699;56,352284760410726;48,73529960402919;49,508582478606506;44,974490306083894;47,878690679898654;-44,33193717100022;-36,157595177235635;-29,568441104078858;-24,989071289292774;-22,40946430810307;2,5;6,0
140;8,0;28,70531096601304;40,46486729662122;47,23708337245341;46,69307510486594;48,434773671746186;43,26767198439959;38,43414240381557;41,92224809991938;-56,32959861247399;-48,09720449320938;-40,68014612914826;-34,17183810881801;-28,819984320102535;3,0;7,0
141;8,0;29,542213365135698;33,32310864338347;49,980134210108574;52,44062410955638;58,48415033292958;47,30386946153927;36,70259074490025;43,538723968967794;-50,22257122354151;-40,708859840051346;-31,588782784890167;-24,656556441633107;-20,414778195089106;3,5;8,0
142;8,0;28,71372125934105;38,19234972733045;46,72647680236339;54,41044691996577;60,68119718576759;56,31013693091538;46,87739216553736;29,850681483098107;-51,619029674323;-41,74630281861858;-31,558640858847426;-23,636023568900338;-18,286928978693254;4,0;9,0
143;8,0;29,45217345283606;36,64835091467268;38,22850434409772;48,685112104243025;56,28942486288047;46,641103963709924;43,506037496939;33,70214830022191;-64,28839878591474;-55,66112350273499;-47,89752007507736;-37,65985285549987;-24,24896772288489;4,5;10,0
144;8,0;25,898523722380528;31,010477310194666;57,77332338501342;55,558339153550236;56,73014559567851;47,18983256846947;43,94684131578322;34,64941758571164;-57,84401289123636;-48,72537377824187;-32,63576999612201;-23,571802280858172;-19,287321395478752;5,0;11,0
145;8,0;28,709155597229948;30,637703865153195;49,38805457335445;59,784572878550065;59,50797537050195;56,54135913879443;47,26872275433769;43,05297724172985;-43,38193921018159;-34,81501291456493;-27,309230113550925;-21,31634568979287;-17,19470770682016;5,5;12,0
146;8,0;25,777660390382824;28,42255044247196;47,46080459054507;55,00648818612515;56,50206871183464;50,48788830475728;42,132985983978195;29,371799885812557;-51,51861364682198;-42,009531739778005;-31,97991972819586;-24,621512353017593;-20,276860250817773;6,0;13,0
147;8,0;25,58131266144614;26,444729356192433;48,31353033797036;57,01435084512957;51,577255497025234;39,20401948936728;36,6439674591081;21,89709564738134;-55,501744909309494;-44,497199171974216;-32,8658732442285;-26,810366828625508;-21,926081716331865;6,5;14,0
148;9,0;41,06520475323503;45,79351055028259;57,049372541166676;58,09507342375706;56,66370509114568;50,9760931147153;45,11763189908784;34,24005877489917;-47,20227794989312;-38,99204232572401;-32,50057832317607;-27,923880913635625;-24,923410903756388;0,0;1,0
149;9,0;42,39617656871005;47,79850261338762;54,10655999659721;55,40522917863123;58,96043964001467;54,15150677076589;49,49715747049137;37,970734655861996;-47,021941583505615;-38,96847137601315;-32,37847434940325;-27,79286953640382;-24,88564723232279;0,5;2,0
150;9,0;39,00209599069194;48,02251683253872;56,09417209448804;57,35083649749078;58,04293100218597;51,85657853400083;44,5463851897518;32,85982682963438;-47,14174885728937;-38,99204232572401;-32,32353495284228;-27,805882107583756;-24,606407711703962;1,0;3,0
151;9,0;38,45699568554667;48,62464245872629;55,55982446426513;56,40525970274682;56,50967980039472;49,09560828922305;38,85134636921148;25,77213109281136;-48,44056499594966;-40,48176482250891;-34,010735073692885;-29,08937964297942;-25,849469701326534;1,5;4,0
152;9,0;41,70221899003743;46,737222109009124;53,15496150856105;55,65583490878899;54,27404360368256;46,85449207316761;38,993927986542666;28,76329099994033;-50,13699526395601;-41,94297287279945;-35,22203198497398;-30,548974770537708;-27,542313264402296;2,0;5,0
153;9,0;45,52952873831516;60,70283194934532;59,64177026210969;60,75513078511917;55,488855043912544;51,181130679730614;48,474904312912116;36,121981788838255;-45,8028130646771;-37,43994516947061;-30,520002345860526;-25,423456283157503;-21,378255357721482;2,5;6,0
154;9,0;44,59788338945025;53,84297165214711;57,265405208442026;61,99104159249546;59,39415870862338;52,521095789739135;41,714824426912436;29,717080078212533;-44,4196741759625;-36,20883951252764;-29,802881393898954;-25,16503017640747;-22,056428288306854;3,0;7,0
155;9,0;42,525510329036855;51,743417851036426;57,39245210135326;58,85342150445986;55,96134740935344;48,850596244781244;41,46162702135034;30,024718308100887;-47,57458735606622;-39,01567741415257;-32,36745863500595;-27,51141697116963;-24,31449561968162;3,5;8,0
156;9,0;41,363861369791415;46,59781774728856;52,18611927870862;55,74711434418287;53,369744167092335;47,98370009240248;41,36755639032732;32,72229023061735;-49,80288139389895;-41,713953099146195;-35,23733752133622;-30,902061174592493;-27,844383386732904;4,0;9,0
157;9,0;40,77009339113785;52,14662726192458;55,369871181378684;60,78922832381871;56,54709878351617;48,979522543064846;42,8806733629494;32,90555868358095;-46,72945975333097;-38,421147691685825;-31,90653217337988;-27,12367207732448;-23,716973732063984;4,5;10,0
158;9,0;42,35571246264377;48,67091202051418;52,076485139465795;58,74340534411034;55,46313601902761;50,10725882879197;41,23563347162736;30,75326268160952;-48,79805947134375;-40,509829110697666;-34,05073156633725;-29,347935236882176;-26,022190638414155;5,0;11,0
159;9,0;41,995151359687895;46,67168332901046;55,369558364798614;58,025850426545176;58,3105040106227;51,7923258324756;44,45858087554264;32,21658951875325;-47,14174885728937;-39,182948683848615;-32,715614586553286;-27,80751050841711;-24,656556441633107;5,5;12,0
160;9,0;40,48205618997325;47,434048194679065;58,70728682175999;61,72675135723406;57,93224455956367;50,95803112320469;47,7951156838993;34,99265756344863;-45,60349443407417;-37,225467861635146;-30,520002345860526;-25,66432827689969;-22,246588275678;6,0;13,0
161;9,0;41,13221277242254;49,038535023241785;56,163457900344305;60,57917100840054;57,03858948565352;50,51880241014585;43,145585553360576;32,31342764575244;-47,3864379856296;-39,20710972762797;-32,433763458035486;-27,355472214372384;-23,65174983364905;6,5;14,0
162;9,0;42,31033939292856;48,83475716198845;54,558323647253964;56,22863045359256;54,23954235970576;48,45884758533563;39,456511461999966;30,03859338033001;-49,885212717795596;-41,68172341601461;-34,760462251408136;-29,94331253066374;-26,84469058086742;7,0;15,0
163;9,0;42,730340892799646;51,5156899730198;56,57782514834484;60,1482567659421;58,39801467505887;51,47935375009961;46,83684325173063;33,36083354840696;-46,17248117855737;-38,03216226167297;-31,488713825082964;-26,632217958065937;-23,036759101351475;7,5;16,0
164;9,0;42,76830210555875;48,64840872781195;59,86909043519968;62,07634737877282;59,50721601043132;50,74002265885583;42,712743836405465;30,816588577716693;-43,94773199993913;-35,90581263107522;-29,48114499602986;-24,933930283683434;-21,909883729399198;8,0;17,0
165;9,0;40,58976980571724;47,11398045962902;57,2307630592902;60,06006228020742;59,315155808040466;53,13240269647604;41,09209177003086;30,14516782120108;-46,22659904607587;-37,98999766606634;-31,588782784890167;-26,70217983079923;-23,24568267672011;8,5;18,0
166;10,0;26,150632155405628;46,83972209926154;54,09328322660018;55,285397525300496;52,03193140994454;46,598370580177615;40,18297645759391;25,270728046415265;-45,75126460692089;-37,49936995978592;-30,573564013869465;-25,67960689058073;-22,022904936627725;0,0;1,0
167;10,0;27,297953256639925;49,19453461809023;51,98582942036204;54,762052314004606;52,97241104430575;46,77089498820089;40,67569348294939;26,742128256263044;-45,20354859712824;-36,95993964139528;-30,378765256110785;-25,55812393633687;-22,31517828710982;0,5;2,0
168;10,0;25,595086881164452;46,3857693742407;52,36437860463056;53,56535144881452;52,398123378645984;51,083664846400836;45,55761158108686;27,73341579965428;-45,44823772546847;-37,34179847957573;-30,555673400668866;-25,778289685265843;-22,43398589223275;1,0;3,0
169;10,0;29,397363268782783;49,492801370622516;53,49386625710942;54,89816755628876;51,26618192232389;49,47258346469651;42,69039972385106;26,65361969014291;-45,498013733542365;-37,016159188071846;-30,30899869919436;-25,523009116656507;-22,09311678102903;1,5;4,0
170;10,0;29,761150618841675;46,70007129925379;55,2072477978691;58,43733613533531;56,86019857273707;52,13786464719263;43,92724637360571;29,71687945793809;-40,53798436918547;-32,57636593135235;-26,259232357992488;-21,720413411558606;-18,48993399543464;2,0;5,0
171;10,0;32,012210913168516;49,47224050035526;54,73112633179559;56,47749949899562;57,654360536393845;53,67585275181731;46,6811412851417;31,01697215063166;-42,07660457992976;-34,03737892783052;-27,555587954459256;-22,636281331956766;-19,096521208195764;2,5;6,0
172;10,0;25,491757382932608;43,04189375486527;55,49368143778639;54,71604156116156;53,065042296056944;50,899849115327235;44,37390956950067;29,07716361427772;-44,33631294329657;-36,45206031364976;-29,77833340872842;-24,798164931168166;-21,36242647847061;3,0;7,0
173;10,0;24,57687157309922;37,47483599140754;50,41421219966469;54,83790247661821;52,59969583504204;47,35383688233832;38,100352570417;26,964452916223834;-45,598429761043384;-37,80274967996088;-31,204867948355528;-26,414550623953154;-23,108117867194494;3,5;8,0
174;10,0;25,74362970479274;44,361063733715085;49,87446527670096;52,007036997454996;51,20861577832858;46,02535526519654;38,040661705703315;22,88679970964983;-48,232924280075224;-40,37040573773006;-33,73580076848796;-28,57468542029671;-24,67469929864844;4,0;9,0
175;10,0;26,251390740289665;42,208765067057286;54,08975907953729;59,71755569806267;53,731655538402805;52,62075835282338;42,74586973356306;26,945693634330787;-42,458583326313615;-34,57397025628313;-27,79937338518248;-22,788415064630755;-19,190189942824137;4,5;10,0
176;10,0;26,213731556785696;39,309478294676566;55,398766602095215;57,00494131305091;57,70261407022953;51,67440857370622;45,25333872536713;29,804078291975785;-41,8440812204582;-33,557229934484134;-27,153820978257084;-22,20890539818697;-18,8932379884521;5,0;11,0
177;10,0;29,330531488311117;42,10049525474385;57,088449677383686;55,2192981660652;56,31572072199198;50,8416767879412;42,58163516531415;27,717189090743588;-41,68172341601461;-33,64605646093865;-26,96265200423084;-22,458576900555713;-19,499906425766117;5,5;12,0
178;10,0;28,158080694701106;41,36529509694613;50,219337338462935;52,656494841540905;53,65831951009292;49,37342942921884;45,959076074078624;26,949611240249645;-45,8028130646771;-37,844012891236346;-31,176027115090292;-26,304304621701732;-22,991754391143257;6,0;13,0
179;10,0;25,464017876505697;43,13018648280446;50,444092639103566;54,18173853762006;52,753236539175674;49,107276626729984;42,67556259824727;31,32778527056483;-46,33585696010591;-38,09579543739676;-31,272537992876117;-26,379947865126574;-22,9283942630113;6,5;14,0
180;10,0;24,686776254331846;42,083458292162376;48,11791958247137;55,817817528947145;56,275001435795545;47,947791120680854;41,40889688093676;26,65136397844033;-44,55296410058984;-36,5361570735356;-29,802881393898954;-24,58885625760487;-20,992422392045633;7,0;15,0
181;10,0;32,29615909212616;46,4086320516696;55,8842615018589;56,96394414152067;54,090473664317436;53,21361945985517;44,26101575797237;25,779099481360582;-44,116395350676385;-35,88928381611958;-29,15948121591392;-24,082399653118497;-20,244083269892105;7,5;16,0
182;10,0;30,204684778613963;39,35489361809505;51,21072329107386;56,002355312361274;52,286441898729336;50,85972545445262;44,17065691371178;35,39994742984342;-45,498013733542365;-37,539213560101615;-30,92068045211473;-25,5732167110085;-21,919797243472953;8,0;17,0
183;10,0;27,47493510773978;37,74461653123644;55,671301195099076;57,20294626859278;56,2438850304622;53,38489332226757;44,994405822576994;33,05528880298195;-41,64961288170624;-33,58251638505933;-27,31230476487866;-22,701155498053815;-19,469929210029633;8,5;18,0
184;11,0;47,97807389057787;51,06015975659831;64,18191297829038;61,9039190832084;62,15987964622765;56,852521211352254;49,00115164576854;41,90836387037598;-60,48176482250891;-52,46710664538475;-45,44823772546847;-37,74122009818812;-28,588924586826717;0,0;1,0
185;11,0;49,00202023422435;47,13471973824302;63,10515133460791;53,317373336096324;54,5180920719954;52,73277353924978;57,381386078139286;48,95853407542848;-56,86704154048001;-48,72537377824187;-41,9098837293992;-35,725702905338956;-30,72714068642783;0,5;2,0
186;11,0;46,17652173670177;52,30986988925619;61,20550213079412;57,28032984819302;59,37829889580624;54,4212797039925;52,760644528323525;55,76027705604233;-55,501744909309494;-47,815700092864034;-40,34278762340235;-34,36364788258003;-30,352537084279852;1,0;3,0
187;11,0;47,0709164743749;52,39650859597647;57,866917929987274;55,19652039063792;49,67068273329374;44,57512149764227;45,54300072797823;39,104269451228724;-61,06103874121523;-53,04254149678524;-44,96556413113409;-38,20289777637217;-33,997443732709016;1,5;4,0
188;11,0;42,1944049185316;43,021167821973066;39,67450801896418;38,53059993644641;35,93140077586942;35,32053376668647;29,403963910730795;23,79420834465586;-71,22414851040786;-62,70477386496224;-55,823481307178575;-51,224148510407865;-48,16479930623699;2,0;5,0
189;11,0;42,946752166044924;42,99773685800502;39,604710115308166;36,39672561284067;33,71907466660883;32,24719547456182;26,70421516001965;20,99022407297823;-70,30899869919436;-62,70477386496224;-55,823481307178575;-50,939339728115655;-47,766902731898206;2,5;6,0
190;11,0;51,75367914680456;57,46337662794239;58,00685953779641;54,570513547962996;58,17137088880568;46,180122558392725;41,690759647479126;29,5527748914261;-68,03013165305762;-59,67942035834926;-52,80777343136036;-46,391005651009685;-33,51943775171039;3,0;7,0
191;11,0;59,918148632855235;63,885858288439586;64,64637528554233;65,31277716583736;66,19027889072262;52,023979645686666;46,1416637754919;33,59001881951808;-47,96357278607907;-40,07133147961687;-33,40703789890922;-28,077028201586476;-24,0274388636101;3,5;8,0
192;11,0;57,88922472009817;61,54569135363062;61,88787832732423;58,65652219533099;60,03868655884227;45,401668618759075;43,11029251064803;28,360434947757675;-53,40703789890922;-45,44823772546847;-38,532364187310215;-32,601774298564116;-28,33612418285322;4,0;9,0
193;11,0;52,61238007215024;56,279689275693585;55,96352864821604;47,56541020543244;40,326234825953165;32,28440573896158;31,456179448750046;23,24218066646306;-67,3864379856296;-58,94496421785446;-51,7206201849085;-45,39874534291136;-38,26779887263511;4,5;10,0
194;11,0;41,944882310283404;44,01350695091029;38,291474520652294;34,11680929327355;31,617309829972527;31,624137008301197;27,275356106708678;20,22323879732805;-71,22414851040786;-62,70477386496224;-55,98893182649838;-51,41934525619099;-48,09720449320938;5,0;11,0
195;11,0;44,003383801604755;44,694660394441556;37,53611360608692;35,27943292218844;34,6507972988732;33,897833364507306;27,76227944062853;21,577983472006807;-69,48114499602985;-62,009531739778005;-55,04043882793561;-49,885212717795596;-46,787173518080735;5,5;12,0
196;11,0;55,2776509308473;62,56223987944417;64,63125985612822;54,96969286665628;39,76457163923486;37,34620251405141;43,311653381766064;29,29965759188716;-60,205999132796244;-51,619029674323;-43,86461280451598;-34,25352419335485;-27,97618001430436;6,0;13,0
197;11,0;55,899040874248655;61,86791144016759;61,57160992703746;63,06553662472016;48,69809243232342;48,30050429544025;44,71316849492392;33,24636566888156;-58,71332676685816;-50,39629480724336;-42,16119724173632;-32,715614586553286;-27,870583210782428;6,5;14,0
198;11,0;43,133168524781055;46,72643957249419;41,39437520146734;37,27876489329499;37,04054137004976;36,94539094167573;32,35440124115036;26,12186824090334;-68,03013165305762;-60,205999132796244;-53,532016884449256;-48,72537377824187;-45,598429761043384;7,0;15,0
199;11,0;52,004190051696604;57,99858921739779;59,622499914975066;60,16494289329842;51,84406780480825;44,79200875022403;40,501921915571934;32,02231299479058;-66,22659904607586;-58,053321564799646;-50,939339728115655;-41,87692016179774;-33,089070704874565;7,5;16,0
200;11,0;53,909987935354486;64,97327166410395;64,35773082259944;62,32920588613749;59,86869932616072;50,411807952600924;54,52281326254604;55,9868205907733;-52,15008838539477;-43,741406630419604;-36,41689472052298;-30,85568685387214;-26,346858721726328;8,0;17,0
201;11,0;52,106644437717506;58,45529521360699;69,7125169987945;75,44241073542864;67,58706952572135;53,726836589776795;52,72621241208875;42,3902831785005;-48,72537377824187;-39,88623702511363;-32,059245097156975;-22,991754391143257;-16,905937795350752;8,5;18,0
202;12,0;57,739748536081635;68,71357667355818;70,64880725876532;72,02619597319563;57,957341522407646;46,500837411210505;41,41821033958881;31,669991896803413;-53,532016884449256;-44,64297412512337;-36,922661087872115;-30,222571223541507;-25,437821034029643;0,0;1,0
203;12,0;50,64981453761918;69,72447007352494;70,3621942165583;71,12821663581721;60,358241249476244;50,92287447726849;44,698113363417946;31,85373120958408;-52,46710664538475;-43,94773199993913;-35,92237295951983;-29,632484820128152;-25,912070978707145;0,5;2,0
204;12,0;53,02420002459059;63,65127809690884;64,23986613147689;60,23439395010066;48,99286306223024;40,068873389449294;38,663171412770694;28,730349929218995;-58,26779887263511;-49,885212717795596;-43,46054508275024;-38,13847802765048;-33,89183891040036;1,0;3,0
205;12,0;52,096205360184555;63,02262710748522;64,16292984849126;61,37730781368993;48,4891241684103;40,65632012118349;36,03671726174618;27,61056986431043;-57,43994516947061;-49,56046874038188;-42,99923900137636;-37,57924077212705;-33,65882044506963;1,5;4,0
206;12,0;51,21277502321298;66,17815856132741;67,23156946836576;66,9310913151305;64,85578360851102;54,45714484078145;41,94122384641318;26,417945834745037;-59,42763781218885;-50,39629480724336;-43,0744419788425;-35,100549030730114;-28,834631692271905;2,0;5,0
207;12,0;54,13036710584814;64,12647550646332;66,69104921361094;65,78299404661253;56,12871460755257;43,748234811266784;38,238886737165835;28,570921734542246;-55,823481307178575;-47,96357278607907;-40,53798436918547;-34,90669280345232;-30,791175971158502;2,5;6,0
208;12,0;53,9385698071533;62,735835853118076;65,75072602252214;65,39821597972335;59,34423513341578;45,95358242339363;34,94638624188279;23,82236992171778;-55,823481307178575;-47,766902731898206;-40,86851709543285;-35,90581263107522;-31,243471965848272;3,0;7,0
209;12,0;58,00813564281208;66,03420800115663;65,51775039202806;64,67241441422247;56,10664601775984;41,845229635337915;33,19120833010859;23,208476520549745;-56,505077098624085;-48,79805947134375;-41,94297287279945;-35,75817355862323;-30,791175971158502;3,5;8,0
210;12,0;58,470572770768726;67,44502000025686;69,72796685538044;67,54629099311734;55,091927107477964;45,68039890271529;37,854538639057;25,490284355950187;-54,74597369152149;-46,61517008284238;-39,42763781218885;-32,80777343136036;-28,164799306236993;4,0;9,0
211;12,0;49,84143175795003;61,89845299410379;61,17196203478539;59,15828986077961;45,15063356235137;34,42482866175103;32,848207696581326;21,76654912553907;-59,93871990163661;-51,82341297795673;-44,91873981483603;-39,628476578071655;-36,19001631341026;4,5;10,0
212;12,0;49,768406599700995;60,422646691464905;60,425834251338216;58,64258429139015;46,08717361510372;39,63116702758023;31,337745984629958;20,93606232144165;-59,93871990163661;-51,92743685167288;-45,498013733542365;-40,53798436918547;-37,12970184590566;5,0;11,0
213;12,0;50,51126852613409;66,06165243564124;66,88240055506708;64,56213080901287;54,135611830785734;41,297449369459116;35,30742483966702;27,463576587007953;-57,43994516947061;-48,72537377824187;-41,94297287279945;-36,55396517096129;-31,608935670121262;5,5;12,0
214;12,0;52,578220044431816;63,62065016038813;64,11411125205242;59,252681671920456;47,88206863677474;40,44839166256568;37,37015034292106;32,577016858370264;-59,93871990163661;-51,82341297795673;-45,25193807959649;-39,231338166316874;-34,433191005377985;6,0;13,0
215;12,0;58,57714630921646;62,82568241262612;65,49390096323177;64,16818524681325;48,25120590143959;36,30915428646318;35,09797311202393;24,3668471864301;-60,205999132796244;-52,24719895935549;-44,779762615729474;-37,844012891236346;-32,21468779362074;6,5;14,0
216;12,0;42,71445259993246;53,20972808534507;57,28440839000024;49,807590023522856;37,2707201968996;30,106738582361487;27,544278856281718;18,241799213560594;-71,22414851040786;-63,46054508275024;-56,505077098624085;-50,939339728115655;-45,39874534291136;7,0;15,0
217;12,0;55,176159789389665;63,84448529047898;63,289509559914514;57,88661891383141;44,402076495441364;34,37436512880464;28,889496760082864;20,271561334324083;-58,26779887263511;-50,75452659341741;-43,304038332511105;-37,57924077212705;-33,918119988356985;7,5;16,0
218;12,0;53,118288479271826;64,28311052696371;63,653246258525286;58,537136213183494;48,80859565213857;37,769238546457494;32,86921265490078;24,757045820231465;-57,05384206556288;-48,945281464271126;-42,52567701190371;-37,43994516947061;-33,65882044506963;8,0;17,0
219;12,0;58,35529280059967;65,64629841077031;66,7340009727866;65,92741872950631;52,22139741654693;42,27500399746647;34,307311222847126;23,854762366420246;-58,053321564799646;-49,24742982952597;-40,623001912258644;-34,322187710122726;-29,959984108983633;8,5;18,0
220;13,0;29,20360564293754;33,08924832729844;36,405319054444554;34,5018618357531;27,48858989482087;22,74971131500225;13,012216568960282;2,449901410271439;-49,095041892122126;-41,00134167022599;-33,97092191168115;-28,967581578286957;-25,398745342911365;0,0;1,0
221;13,0;35,51363057768106;40,93384233979009;45,469422553729544;41,349245831520626;34,37172807730942;30,663067637400122;23,57063429840928;6,684043868937167;-40,01804364598864;-31,833759482620355;-25,530522140653275;-20,848022597423604;-17,277430191764232;0,5;2,0
222;13,0;34,80119197100493;46,684543184748016;49,793368335826;45,33708578950525;37,60830945848322;31,579437238918977;22,613097820864585;6,8832791876826995;-35,25267007542893;-27,18407489124747;-20,900788879675748;-16,52104544276871;-12,940107323100964;1,0;3,0
223;13,0;37,51155560937327;43,25861305094808;46,08798730923307;42,908394540468755;34,87097423401912;29,941185347572066;20,68072496771087;8,781275011568603;-36,90408163771187;-29,584407817468467;-23,660229500882252;-19,226487068934105;-16,09463831629563;1,5;4,0
224;13,0;40,4057811686672;42,55704601912992;45,14539010235998;42,73163000146437;34,898615107150626;29,739573716661155;23,34282393959535;10,977316539325132;-39,113262307478;-31,204867948355528;-24,44616903017574;-19,509921866066424;-15,771195884357926;2,0;5,0
225;13,0;32,07878188674592;42,5375342168308;46,045676018739385;44,439023745614236;37,530510274585154;31,75183098741471;24,40866079988618;12,367641361533554;-37,96899187677638;-29,941231579465175;-23,484266234420513;-18,82837334463998;-15,64184294068265;2,5;6,0
226;13,0;31,41509294127094;40,354808232719606;45,759433195443265;46,932730709151244;39,25781501917616;32,49077316424402;23,80287817561174;7,316372683141562;-37,559204108944144;-29,301403573965203;-22,648858048828107;-18,138478027650475;-15,199124130891974;3,0;7,0
227;13,0;28,192077480433095;43,51434709440501;50,06551265447476;48,399436260119444;40,20764141743405;34,91225948260614;29,1263455033085;18,0503064813469;-34,86256456473596;-26,413163544755868;-20,106144711142896;-15,586249885077649;-12,746609005251008;3,5;8,0
228;13,0;36,91551248137451;47,675984427074695;52,16441699177629;48,54589605000789;42,25989879427236;35,24867504785661;26,168436635457685;12,549493096848082;-32,98325191751046;-24,535073487389244;-18,15989823490099;-13,737411820393318;-10,634939963780427;4,0;9,0
229;13,0;45,21068582673449;47,588576494325594;53,68731434223865;50,137396534560416;43,95262167190911;35,96140044456977;28,23704680833067;14,983083913881817;-32,022135556805544;-23,73732970491032;-17,29507910398214;-12,359755938933096;-8,977262769780468;4,5;10,0
230;13,0;40,38587787859619;45,87809486664;51,08235028665583;47,73142199178924;43,055729775298694;36,27234533380773;27,099569804699414;12,121184546319395;-33,431890246731136;-25,66432827689969;-19,182948683848615;-14,241563706546387;-11,282248323276004;5,0;11,0
231;13,0;36,16162241520249;45,548499573896265;49,954062200205975;46,92360852992964;39,949878403023;33,60583569379597;24,676355653701762;14,256370298073552;-34,847904831909105;-26,927271549453906;-20,645814504854766;-15,815290934447168;-12,912517329032916;5,5;12,0
232;13,0;35,50570223413207;44,18029417782851;50,14322336929526;46,108398207729415;39,73283424425549;31,461593230203878;19,647342676073592;4,575987577043915;-34,83473330280435;-26,92138879295537;-20,746330137184007;-16,047592182081573;-12,911462433859025;6,0;13,0
233;13,0;30,786546126889725;43,862028143171486;49,25041097558946;47,23273128940338;42,782203382972234;36,65762744375396;25,552342690191804;9,152588831844016;-35,13076085123489;-26,980396422328706;-20,298780488667617;-15,843169769642682;-12,837123706462496;6,5;14,0
234;13,0;36,80795111558693;46,881232795406895;50,292670841725844;48,24553828483724;43,88750566111621;38,93287290996975;28,419694712664068;11,484928904953904;-33,76161323811785;-25,708966516230124;-19,12044270400456;-14,424816372264429;-11,221253696304057;7,0;15,0
235;13,0;32,709701010646214;47,84269395800855;50,44642032660028;48,45985276475748;42,98277726682375;37,149480648192025;29,631236137343105;14,296732377868588;-32,6813055637829;-24,64749920448493;-18,527888078147477;-14,351189038027382;-11,586065981037473;7,5;16,0
236;13,0;34,31425364356438;43,19642495857992;46,9619738697852;46,883922856555;41,02174778410134;34,37847568421465;23,3695814837936;10,443219280392558;-36,26038797028385;-28,33612418285322;-21,746302818618584;-17,35058789159196;-14,363647882580029;8,0;17,0
237;13,0;32,25271648897521;44,15154264363768;48,493397375903875;46,968873519696075;38,4479664965757;34,35279572380378;27,123622274981685;7,1502260983230235;-35,66273349200745;-27,79937338518248;-21,412494708999404;-16,956204578066142;-13,614101250827817;8,5;18,0
238;14,0;43,50580916820996;56,294060146960334;57,14058570908957;54,33094282344348;46,36392701334893;46,68558107891953;38,16816438770714;23,94599100812624;-46,5585842824651;-38,73049256658922;-32,022135556805544;-26,82780254469385;-22,360627852167404;0,0;1,0
239;14,0;50,11180352201171;60,46693994140436;58,95105318727641;54,94351102392805;49,180288897882136;47,11495067390929;38,80052351170974;25,729647248742186;-43,03675910135147;-34,65954621586863;-27,747478445820054;-22,851678950214783;-19,73580579449456;0,5;2,0
240;14,0;45,505646163291914;56,64658516257567;53,9618251028278;48,274190677287024;45,524871989517735;45,14364932087502;34,966870090953975;22,015916187714634;-46,792983499367544;-38,851566655184754;-31,864873150414034;-27,159863336509847;-24,086641845944246;1,0;3,0
241;14,0;47,606910219044565;60,468976087318545;58,570604752238935;52,6286010403859;45,38801108103007;43,57576438607219;38,16878242808031;27,453658465179906;-43,66022950088225;-35,26802974280559;-28,610327200460034;-23,90191804284092;-20,222300463145082;1,5;4,0
242;14,0;41,835380072476184;53,89932999699502;51,805067939800296;44,11671083279078;36,30423908764822;32,75596697438313;30,328367409737453;19,926391513557164;-50,66357403840299;-42,52567701190371;-35,59702070523076;-30,222571223541507;-27,04577119965399;2,0;5,0
243;14,0;40,959043250205085;54,75584489749632;53,50190220441035;47,01504222444562;43,49543180775389;43,99445126106674;39,92100715471884;27,529621327795624;-50,13699526395601;-42,280987883563476;-35,08549548075695;-29,386902954273584;-25,427911855050272;2,5;6,0
244;14,0;44,30807001653541;57,67851300646001;56,261252299746275;46,35872308159189;44,11438667639959;46,03188405549069;40,34529945029626;30,240729377853558;-44,96556413113409;-37,30284823655563;-30,91136582426436;-26,28652075504677;-22,89133836364224;3,0;7,0
245;14,0;45,42990261236675;58,93632727267832;55,06783474663423;47,65726950803055;42,91054631135701;45,00278177349857;40,657928839135934;30,205050317821872;-44,96556413113409;-37,016159188071846;-30,672626555781086;-25,927792050217132;-22,708393739837746;3,5;8,0
246;14,0;51,0365705638031;63,870646979149114;59,42262803641669;52,846895722428656;46,156825887672355;42,514964619303335;38,84311874001671;29,41399319971861;-39,11086619847211;-31,53360655845389;-25,059976904585767;-20,637252759816477;-18,21583925823694;4,0;9,0
247;14,0;52,130955507098314;64,83576587780148;63,549642463592136;58,40362917083368;52,99554843875362;51,56953397290165;45,61735021866632;35,4578073103077;-39,50742996281208;-30,493344863131604;-23,42508438176566;-18,45048171032087;-15,59702070523076;4,5;10,0
248;14,0;47,80747564102113;60,31784096905673;57,25069186410329;51,320019108214254;43,3564669404901;44,07240742157026;36,029818094309;25,089589575574188;-44,508306471944;-36,191724453515974;-29,45748845039055;-24,67469929864844;-21,058044123141077;5,0;11,0
249;14,0;47,377330404149646;56,483140810771104;53,506955541519105;49,01654858492647;43,02183436489897;44,06722034407085;36,59920946346755;24,340933932372337;-48,447598143395325;-39,88623702511363;-33,126232753303746;-27,238798913177607;-23,77409110788792;5,5;12,0
250;14,0;48,04035392530204;56,62657911448467;49,02694149625405;43,18959357698759;41,041991019846044;40,336939737322844;41,910743920721686;29,02147714287927;-48,09720449320938;-39,96508074019487;-33,56986395800335;-28,945281464271126;-25,251938079596496;6,0;13,0
251;14,0;45,94892245297268;55,311783185192155;49,506107543934625;43,690038392677536;37,30584836264347;38,547581928901;36,223711161787264;30,258397704615916;-50,57356401386946;-41,9098837293992;-34,53149638368602;-29,584407817468467;-26,452076395417524;6,5;14,0
252;14,0;46,892143794498296;58,061109649279025;53,80063770741647;47,116109164177814;42,73837621305931;38,51011039316955;32,21488077605509;20,470959528453754;-47,20227794989312;-39,20710972762797;-32,601774298564116;-27,87780181544434;-23,985396721325305;7,0;15,0
253;14,0;43,78923862077245;55,261083548709635;48,93065416500819;44,67996205172294;37,42397605190543;40,25083788982971;35,32560479166246;24,615065177871273;-49,32463824579072;-41,459403317905384;-34,891958466351475;-30,043825393524028;-26,798762431925404;7,5;16,0
254;14,0;45,990154493810735;57,52837502812346;57,1878518687225;47,96234071691717;41,91146329437209;42,64150921026021;37,05539847193885;27,824912136857172;-46,012121738240396;-37,63962958760263;-31,195243692924244;-26,620848990947955;-23,16517199894946;8,0;17,0
255;14,0;47,287822069617434;59,04912086051912;56,42959327038849;49,872618507296586;44,588742542339965;43,735022032663494;38,260299621598726;24,74230623022523;-45,20354859712824;-37,034980191401395;-30,13699526395601;-25,478069087263393;-22,377689458418427;8,5;18,0
256;15,0;55,97773770150026;67,10164046982503;70,36042236277972;72,78235970736611;67,72819254572126;58,30997971153764;49,98321639062504;37,579423392233856;-58,48770655866438;-50,30899869919436;-43,42115322549215;-38,48770655866438;-35,08548243607973;0,0;1,0
257;15,0;56,07911410229049;66,55012448978245;71,75935074182567;72,6539616281756;68,85150149753234;59,212960520505824;53,05220619097707;39,73050074605456;-57,84401289123636;-49,64052358945536;-42,850758639792225;-37,88547306369365;-34,475185718792;0,5;2,0
258;15,0;56,68496829625148;64,49048917418719;67,06627261569405;70,47087045112065;67,55824070106834;60,791567328074706;50,4961637962452;38,025780777378756;-60,205999132796244;-52,13929832162137;-45,15542720181067;-40,509829110697666;-37,110674697797364;1,0;3,0
259;15,0;56,00442765600042;64,87505382966596;66,74943806794468;70,35439001480098;63,95854429905607;55,61147631052759;48,54787272437238;37,35558972100483;-61,06103874121523;-53,04254149678524;-46,22659904607587;-41,273269988708556;-37,780140373258085;1,5;4,0
260;15,0;56,72236687039831;62,772905488066044;66,52924502462243;71,56761376790737;69,38336116046857;58,608340519805886;47,02977619037967;36,48954529102165;-58,94496421785446;-51,12817085277249;-44,33193717100022;-39,78221315139748;-36,39936516939041;2,0;5,0
261;15,0;57,46768459304599;66,00229906658684;69,27590781355067;70,93218056195079;69,01899054320023;60,09207859435156;51,976394646670855;37,756191073534964;-58,71332676685816;-50,66357403840299;-44,07392147807927;-39,1588546610812;-35,872786394943425;2,5;6,0
262;15,0;57,314221188852834;65,96926210213499;68,46167549135376;71,79334656073436;65,94641849096564;58,15963700769391;49,092461172286534;36,38632229507094;-59,67942035834926;-51,51861364682198;-44,733926680137785;-39,808102558457456;-36,24317113682113;3,0;7,0
263;15,0;57,05119272647909;64,46158886795563;71,09297932362232;73,40602618561124;74,19234073331953;66,55694868355353;56,462947496873895;40,77397186384779;-55,34523815907036;-47,141748857289365;-40,56623118965063;-35,80710827756498;-32,57918419574472;3,5;8,0
264;15,0;58,188556895704934;68,47284284075297;71,35294490520766;74,03955650008126;71,11507613823221;63,880920033395185;56,34395191006828;40,15218627756437;-55,501744909309494;-47,51141697116963;-40,97164629211217;-36,522821516721955;-33,25817975402718;4,0;9,0
265;15,0;57,66699039279109;64,37081808060097;69,37879956284111;71,33111642625751;68,912005849506;61,13224948774203;53,990780166358086;38,27720971045019;-57,63962958760263;-49,56046874038188;-43,42115322549215;-39,03937699130615;-35,75817355862323;4,5;10,0
266;15,0;56,50106328972741;63,11325149743939;66,75832558964622;69,74849767252235;66,56312274468996;56,73577107912991;48,44428560429505;36,018453214515034;-60,205999132796244;-52,46710664538475;-46,06524661111521;-41,12114894400974;-37,86471823986845;5,0;11,0
267;15,0;57,276916026751834;62,773111079945124;66,15891472836057;68,54292435527319;67,83478883162417;58,23335957540917;48,79227259481789;37,24816967460123;-60,205999132796244;-52,35645687338553;-45,85466927624269;-41,061038741215235;-37,80274967996088;5,5;12,0
268;15,0;57,816355252600104;65,89878570910986;68,6953625593977;71,67129399294404;68,77479452231577;60,759939234065584;53,92820281502563;39,93648684042575;-58,48770655866438;-50,48447718534447;-43,82334959324051;-38,921520506893444;-35,805474055137786;6,0;13,0
269;15,0;57,832017574481455;65,6440431964498;67,59392524677112;72,82884776483567;72,48471161333202;60,59664462629164;53,454097589557804;39,69414387672127;-57,63962958760263;-49,56046874038188;-42,99923900137636;-37,68012331893092;-33,89183891040036;6,5;14,0
270;15,0;58,03008822366617;65,9394243699476;71,70777633590541;74,13196991211524;69,54168581372171;60,06013543740242;51,83442636825906;38,43488443053139;-55,823481307178575;-47,831965879852646;-41,42810278083283;-37,07274498844913;-33,878728131098896;7,0;15,0
271;15,0;57,34339168542618;63,732903308581406;67,16763327835486;72,78009543016388;69,33716467328436;61,1280420499358;52,014045240646674;37,90513859648169;-57,84401289123636;-49,72132314549016;-43,342901438231145;-38,69049918568197;-35,31427238781313;7,5;16,0
272;15,0;57,57341850143134;65,1165182417846;68,92047067486875;72,4722235241239;68,70631629369998;62,01132899974752;52,401849192861576;44,01387219447816;-58,053321564799646;-49,64052358945536;-43,03675910135147;-38,37705678666516;-35,283416619527515;8,0;17,0
273;15,0;57,3462646091512;64,46765150900285;66,29444044611344;69,32115824961829;64,86549899982559;57,02193869473649;55,05339550569811;42,471582789349576;-61,68172341601461;-52,92436430457484;-46,06524661111521;-41,5539874427866;-38,30915761049443;8,5;18,0
274;16,0;35,63601568895137;56,20345201412519;63,04611964395725;59,40762684148857;53,53890938497014;43,39071304789627;31,874204223650477;21,72133389564866;-47,51141697116963;-40,111544187616026;-33,78750264517783;-29,293672474533512;-26,171402855682896;0,0;1,0
275;16,0;36,35549070949702;58,2387146320947;61,92471467785624;57,55904817360384;51,57848959352553;45,19255300428566;32,12914154424118;18,064547929740183;-50,30899869919436;-41,81136596657302;-35,1156549409825;-30,466768943455364;-27,021941583505615;0,5;2,0
276;16,0;38,26486713822808;56,42322562944993;61,98227294507891;62,1386635976102;55,98339900097716;51,6356423755558;41,17794163179408;26,4639651174318;-48,16479930623699;-40,151881265277744;-33,33290467815828;-28,287811601032047;-25,17464377964462;1,0;3,0
277;16,0;39,16773118187928;56,75589782285659;66,4828934939821;62,425758391597796;56,533680213027736;48,070705801138885;36,91260916638443;25,578097359930357;-45,02213510905254;-37,36133929690196;-30,718031205112453;-26,204911420231465;-23,366303040993962;1,5;4,0
278;16,0;39,25969190105933;55,83125643465208;64,07977859118677;60,382513855344946;58,51733350773084;52,18026891533243;37,55178298320716;24,094555458943606;-46,5585842824651;-38,57725260575926;-32,24719895935549;-27,612711292785157;-24,633931032543828;2,0;5,0
279;16,0;46,716575926196604;57,44120287541206;63,231645356704576;60,62707370430769;57,31544321130041;50,85699293909687;37,681595944229684;23,474404680484714;-48,16479930623699;-39,834069362963064;-33,04254149678524;-28,15123819553839;-24,984364765396492;2,5;6,0
280;16,0;47,16337398781772;55,25170743013455;60,90062714155146;60,10842409596403;54,33372725468567;47,42156132194377;34,23849816983356;20,59423081738759;-49,32463824579072;-41,061038741215235;-34,87726151554372;-30,154043139179556;-27,117654834521954;3,0;7,0
281;16,0;48,692295832531485;55,13331227683749;61,346911690069355;59,44805117563782;55,162802054717275;50,08302930458139;42,21479784055292;28,738268341257132;-50,48447718534447;-41,61762061851039;-34,86256456473596;-30,13699526395601;-26,821986749606758;3,5;8,0
282;16,0;46,66432500907058;57,21134752917138;61,61745307654711;60,70582557422079;62,78105572975712;52,60923326791557;39,9839849860689;24,535792220714203;-47,51141697116963;-39,378145429631736;-32,62442330654228;-27,63822053179001;-24,252859831839693;4,0;9,0
283;16,0;51,11219921733698;56,34311126675946;60,173868244284904;57,777476912641845;49,99163734553984;40,38129502134262;30,635077907218914;21,666838287964186;-50,30899869919436;-42,280987883563476;-35,85632024851811;-31,147281728772658;-28,02879638920692;4,5;10,0
284;16,0;51,37546380754643;56,767749280618354;61,03950816801947;57,81080256338554;54,60200042634953;45,61064931411512;31,681056023423157;19,849055464537688;-49,32463824579072;-41,61762061851039;-34,951046378832544;-30,001803591010074;-27,021941583505615;5,0;11,0
285;16,0;48,6657955257343;56,77658111174624;61,296589109050224;58,233107905315926;52,939830633123634;45,42888867914883;32,42004875810515;17,749409702418596;-49,640523589455356;-41,490817057890006;-34,717068874037864;-30,188239599248018;-26,9981771647469;5,5;12,0
286;16,0;41,74498867085069;55,38293572887352;60,545187072126616;59,23028972926471;52,44584315724037;43,70290861944463;31,98247596079721;24,05709791392617;-49,80288139389895;-41,68172341601461;-35,19150158574453;-30,718031205112453;-27,636944133376886;6,0;13,0
287;16,0;42,09946376996186;56,902994796433994;63,06449499213605;60,40320225406884;52,9306854187043;42,879766404644826;33,70798765309815;20,560855256896655;-49,019838914655985;-40,76657360480111;-34,13128135199812;-29,216737608056604;-25,833889626049533;6,5;14,0
288;16,0;41,434752204388595;56,5745168488574;61,88868716736539;60,365749202830166;52,972928047373166;42,9640275885955;31,787827483236633;17,575914876019322;-49,019838914655985;-41,12114894400974;-34,57397025628313;-29,737573645343605;-26,281056212785327;7,0;15,0
289;16,0;41,45342516676888;59,24906099213236;62,15680083979496;60,969523812171566;57,08045678322503;47,330474554482855;34,30358651102384;22,748373814797613;-46,44650673210513;-38,62237421184374;-32,51176427403059;-28,016779014550895;-25,13625304471283;7,5;16,0
290;16,0;40,721684554851116;59,991925466900824;62,23764081966582;61,3116589121952;52,97013900500665;43,83634883246896;32,47164851026093;19,840277126597144;-47,51141697116963;-39,730664693641266;-33,33290467815828;-28,454585805512377;-25,059976904585767;8,0;17,0
291;16,0;41,55513714030212;61,93446275643883;63,342579656106366;59,407182468028225;52,047144678416046;44,06697075347087;31,086948624046098;18,349128153637317;-47,14174885728937;-38,805241800641134;-32,46710664538475;-27,923880913635625;-25,069474871238103;8,5;18,0
292;17,0;22,21957103038619;36,913044340895524;44,14944053443457;49,487154060441874;50,70702174474063;47,821765565741444;33,418281953989336;16,51083772206752;-41,77877347190285;-33,557229934484134;-26,95674524464376;-21,980349577391635;-18,126933420746205;0,0;1,0
293;17,0;22,011948221075098;36,13578605694882;46,25964384563601;53,40810263974542;51,892713738854226;48,65818210851348;33,984670269134206;12,420590234650264;-39,231338166316874;-30,902061174592493;-24,076040504624867;-19,425156483893705;-16,174131264780332;0,5;2,0
294;17,0;27,03179746842865;34,10341166284953;45,579589993712865;53,28171226657318;53,96913508066159;51,25482224340306;35,17829166353338;12,922252367655743;-38,355094980684115;-29,92459591983199;-23,07066632582149;-18,399074262682873;-15,118663509950599;1,0;3,0
295;17,0;26,476486684981175;36,8506438577507;43,56420825676431;53,04251181124371;53,40057100162302;48,374895109216276;32,813329921760584;14,389943098450313;-38,584029667165524;-30,618452432318506;-23,96863667823213;-19,044718380398166;-15,813162826878447;1,5;4,0
296;17,0;24,24566976913651;34,02074138277467;42,82558094186146;53,786529392124336;53,51794996939053;49,88981049516265;35,06332776150948;15,749843732084885;-38,117110514689955;-29,995524630270257;-23,397603578066516;-18,82374210505382;-15,805472670811616;2,0;5,0
297;17,0;24,68555973917962;38,84079251047183;44,75063114271754;49,12834232079405;51,13927436646976;48,098323101302356;34,15167008820397;16,307655942114447;-41,94629444076238;-33,748697414714826;-26,980396422328706;-22,12048132576549;-18,525650888273407;2,5;6,0
298;17,0;23,1279963663006;33,77881265396122;41,455927438523744;49,36824677125322;48,43603286404269;44,60289406766995;30,880643763789273;11,49349732968622;-42,850758639792225;-34,774975019426144;-28,09047385386595;-23,28080366068558;-19,96508074019487;3,0;7,0
299;17,0;21,327414928080653;32,90574331413447;40,57491725866061;46,89980890464035;45,505469299814145;43,48158782787702;29,67212176782718;12,408576216185573;-45,39874534291136;-37,20623000296672;-30,62745802113774;-25,833889626049533;-22,39897621308184;3,5;8,0
300;17,0;22,584709454599672;32,502695871415305;39,20011795828232;46,19136678554757;47,87860123045434;46,543653068271105;35,805859615515836;19,312063069018034;-44,46387727206484;-36,277638998075815;-29,676791343374415;-24,575379312095755;-21,1121058514302;4,0;9,0
301;17,0;19,516195837501897;35,454798049799116;41,01470511104235;47,34389893435298;42,820908202481135;44,578446428374754;31,89120958220776;11,340223273159733;-46,22659904607587;-38,117110514689955;-31,568676549898072;-26,51919242520701;-22,770163556259185;4,5;10,0
302;17,0;26,818168002701324;36,0199618132581;43,319766228908485;51,79782854917336;47,8879784171111;50,530629497632766;36,66973778587918;17,35210590294922;-40,708859840051346;-32,70416318128475;-26,161697949812922;-21,45078452582759;-18,065829797124714;5,0;11,0
303;17,0;26,49937158088698;37,349595176592636;43,005254018998556;53,41135434713421;52,506909606933306;51,14802099499116;37,914236758913596;20,544297263830646;-38,25263384788369;-30,222571223541507;-23,67640434659571;-18,84460215690592;-15,659515153570489;5,5;12,0
304;17,0;23,668378256409902;37,59025785846007;48,45624051038872;53,89700829043942;52,19085872757604;50,07125393558915;37,83504031242943;17,715849826026513;-38,3113372577206;-30,08605148367841;-23,731220051167828;-18,672849038584147;-15,2509821812135;6,0;13,0
305;17,0;24,819809737247507;38,127664511981;46,56614669361286;54,08915606454259;50,94691935305959;50,55160964461214;40,46004603831052;20,22005193144087;-38,66773144096018;-30,449096730567526;-23,989591790056004;-19,034631899880804;-15,800404260139066;6,5;14,0
306;17,0;25,642957990941788;37,93964757838446;44,8795954201352;50,55164746912767;49,90160642579559;49,9900963568568;39,59623338023952;19,804873957132045;-40,56623118965063;-32,36745863500595;-25,943541627765406;-20,942790812648937;-17,66998217401002;7,0;15,0
307;17,0;21,06403599168138;35,73886295497327;44,458155065935;52,54102736796653;50,08841262122183;51,516971478523544;40,019040230325125;18,371407889531216;-39,88623702511363;-31,629135422569515;-24,87216656846438;-19,912438823679985;-16,35918095577322;7,5;16,0
308;17,0;24,83150899256134;36,34728542265599;45,05412619368179;54,45092144798984;54,79119459134118;50,90842180884506;36,60423850491736;18,30151398408865;-37,68012331893092;-29,371294882440154;-22,665054491645286;-17,992101041700316;-14,575389635261384;8,0;17,0
309;17,0;26,7982469216331;37,79044511454546;44,79782920239443;52,491710042904565;50,70675339540883;51,93304537186024;38,83463782495864;17,661389778358725;-38,7821716950785;-30,618452432318506;-23,885318153148077;-19,338753572373648;-16,159298459844887;8,5;18,0
310;18,0;69,86222526557532;70,4296227263035;76,6577358990065;76,12842209248274;70,15742909088576;64,63390534179354;61,55364444962938;58,0720848036981;-73,62346648609457;-65,52369363676394;-58,73522981303897;-53,93690429528264;-51,030955919165464;0,0;1,0
311;18,0;70,38611101676734;72,32545731186562;76,54942714434547;77,37493013443276;72,49268581282955;64,49546417851985;61,1132183267714;60,34325366190302;-72,65975313967427;-64,52528772156876;-58,03596068410735;-53,091832053716445;-49,541222178262124;0,5;2,0
312;18,0;67,86994794847567;72,34688256692871;75,33588745660565;74,18474217907001;68,46418260488309;60,79067210316235;56,862831976248394;56,8399051477048;-74,54529988469041;-66,68150719280602;-59,91510443113;-55,171286623666774;-51,95577107809587;1,0;3,0
313;18,0;86,70230952491097;80,33430963933803;84,01036665309364;79,992648356381;74,01260667994369;72,42982367068473;70,82701584644519;66,86531154627652;-63,882565393636774;-55,5555813893177;-48,25593044225124;-43,05223198981355;-39,65306552040367;1,5;4,0
314;18,0;70,62148152098214;72,349544045535;76,23702004262876;71,8552589315147;65,92880608660893;62,24602376828757;58,073036479798894;60,805269327118666;-74,21407431069798;-65,73151179173259;-58,75673953376349;-54,155365499312424;-51,104675888507735;2,0;5,0
315;18,0;64,38277697170531;71,58266117971229;77,97844849225174;75,76050429304522;69,05954306786515;63,21986300429924;58,7270738083135;59,8379701078629;-74,91153295913873;-66,90559859880663;-60,22882533511907;-55,36237114750972;-52,095802034948555;2,5;6,0
316;18,0;67,0533706522866;72,07649526788502;77,06229607061977;78,64176837036042;76,43168654520913;66,1305907347994;60,088484106513825;58,01093462918424;-73,75818059888014;-65,31882141227625;-58,83154066443573;-53,7190285373223;-49,8842110551917;3,0;7,0
317;18,0;65,28879339476916;74,30386185378575;77,67173848441078;77,60631948089804;77,48310101507981;69,9696717655552;62,23705741277599;56,84133555287114;-72,79060002013401;-64,36507707372634;-57,672833210597126;-52,949618673334186;-49,73296837095849;3,5;8,0
318;18,0;66,33550582841889;73,88468317270885;79,40135091596142;78,49411734279975;74,53030153055016;70,823726091294;62,46796152005238;55,45889849833729;-72,31147778272289;-64,09380524785699;-57,43146699443138;-52,97921366150045;-49,57779304745209;4,0;9,0
319;18,0;64,82161555584847;73,7116657875844;77,69830512656213;73,75422952044995;73,25715937927146;67,83032004444765;62,120498140372995;56,372507288421694;-73,63341083418904;-65,88356732142229;-59,66048055591477;-54,58045916826286;-50,948319214627446;4,5;10,0
320;18,0;63,846480556408885;73,00067401502045;77,6873174468245;77,75821094953409;71,80328808425803;66,43799017085786;59,20523813455499;56,417471798385606;-73,4361689143808;-64,95410913753946;-58,560655454339624;-53,75843296362092;-50,79889059142738;5,0;11,0
321;18,0;66,39434509906161;71,6536323811612;77,96712062507682;73,85129775781432;70,37154576069585;64,46091322251118;58,620847225808234;53,51954057512457;-74,61186300467335;-66,37146974026575;-59,51092025464223;-54,94343589975452;-52,144326333129676;5,5;12,0
322;18,0;64,33788491319903;69,14989912988851;74,3261392595549;74,881047498506;71,51927360505609;61,39714802536844;58,32685315452029;57,58983399541455;-75,72038726069624;-67,99042101270793;-61,70752300141322;-57,113050813155645;-53,64247004955218;6,0;13,0
323;18,0;64,44386856577333;76,03257753628942;80,96849510838439;86,2875640825858;77,7914599208127;67,2375224823272;63,72200897218814;56,49187795658867;-68,76874204292095;-60,81420514797599;-53,97330142324875;-48,872005534219504;-45,3380203937169;6,5;14,0
324;18,0;66,74771080988333;79,9095929102379;82,53295544241266;87,10047421895156;81,63676873151934;73,32696159327313;65,70587008440032;56,94744028713632;-66,07566068896148;-57,89952694702217;-51,28999403062136;-46,726090090577486;-43,52650974366605;7,0;15,0
325;18,0;76,70698147514385;77,81415808259575;82,07980953567413;79,04390174328873;75,82013242914118;70,23659302566698;63,25938840381334;56,12404996632421;-69,50307249288741;-61,153666383490844;-54,36348554737138;-49,65231258226127;-46,23623187179833;7,5;16,0
326;18,0;67,11179179366722;74,99650755203392;79,59121134060048;80,13516084080379;76,17220109544081;67,275928669457;62,13271585061723;54,81532705254569;-70,61985894023803;-63,009409128398914;-56,41038549143511;-51,5054613995768;-48,19280955988238;8,0;17,0
327;18,0;66,46625746949442;74,22112160329534;77,92513684876891;80,38330581544085;73,1558991324834;69,8379682950884;64,43000609204039;59,721681916097225;-72,84903890394567;-64,62038402230397;-57,737628340583015;-52,297389343232155;-48,51768498010762;8,5;18,0
328;19,0;35,13956669246773;33,51289247667699;40,19237151764166;42,09670141580939;35,213330608618996;28,705170625066224;11,600267612218095;8,376041152495313;-57,63962958760263;-49,40253912346121;-42,596873227228116;-37,20623000296672;-33,58251638505933;0,0;1,0
329;19,0;38,916647800813834;38,015875534418974;44,406474374436264;44,15080000695302;38,57537299505505;32,810746740527954;16,452574857494504;11,393776513164621;-54,18539921951662;-45,54807663661845;-38,96847137601315;-33,68440482185309;-30,387525609488854;0,5;2,0
330;19,0;39,86538205234864;40,84484994232277;48,06048487617254;44,73017265194078;40,15915529002113;30,719423904108744;18,768186538630314;12,730248431097426;-51,321198566296104;-43,15030175918528;-36,32959861247399;-31,77186452020051;-28,489737167279724;1,0;3,0
331;19,0;41,08921683111749;44,96937800513375;53,054635439694195;49,49932564933812;41,52870472009723;33,246320591980655;21,0113639974748;18,19048574833958;-46,67212694029891;-38,66773144096018;-32,41160556428931;-27,747478445820054;-24,305787960167315;1,5;4,0
332;19,0;43,026076701851565;48,73674903565451;54,712866847417374;52,264560565088196;44,285104007513276;38,60655972339605;25,07847671499104;19,337890973237;-44,82584171392076;-36,715902682939756;-29,910065065617513;-25,088502019346414;-21,826073968417404;2,0;5,0
333;19,0;42,229457729937764;47,442628405755045;55,4819232861701;58,19188838094014;52,75338853500444;46,677686987435294;34,846565841243574;28,45618379830446;-40,82467341766925;-32,601774298564116;-25,818337447072643;-21,13322106497746;-18,166334611363027;2,5;6,0
334;19,0;41,23426493117744;49,90636041153681;56,35162369027749;55,95151281109732;49,67403286565278;41,41721084716875;30,618234821221748;23,26618541762692;-42,35019852575361;-34,03737892783052;-27,257117140644965;-22,574562891953263;-19,345880135025645;3,0;7,0
335;19,0;44,200785131979586;50,97110343382036;57,32523753567719;56,127597803248605;49,06634058664178;43,591944592926026;33,190561230549825;23,258892422179564;-41,459403317905384;-33,0783104820136;-26,726584582872412;-22,20292556546878;-18,704188533886832;3,5;8,0
336;19,0;42,04719980536104;48,453759290862905;58,318968066536684;53,27810913752204;48,371253340708826;39,86472971495958;27,589567119955632;20,225496759184857;-42,35019852575361;-34,22621005248735;-27,695891718753746;-22,976806900892228;-19,447265297315482;4,0;9,0
337;19,0;43,49286106488886;46,97160488794104;55,63564225971945;55,59032306427753;48,11276419500122;38,71246098634283;28,151428156770923;19,080275778013917;-43,700723232210535;-35,32974147407113;-28,69286336086743;-23,83158656838418;-19,964552883014345;4,5;10,0
338;19,0;43,746257922174536;45,676237470305836;59,658352626200696;55,27161456558424;49,84650846977566;41,13293780972174;30,922545947284334;24,50862295324667;-40,82467341766925;-32,738562789170224;-26,259232357992488;-21,500263377078884;-18,239615504517584;5,0;11,0
339;19,0;44,57121243216983;47,73582525494608;55,76018250424268;56,3201119923399;51,72772809364134;44,97531236505711;34,83774318135737;25,82893972519836;-40,82467341766925;-32,912634539607794;-26,49676274292226;-22,059787750595135;-19,00503438807587;5,5;12,0
340;19,0;44,099584069504765;45,83176606928327;53,38847285057304;54,513801644901356;50,622597910044114;40,029281441132554;29,611203358070405;25,895596328880828;-43,42115322549215;-35,438803404625766;-28,989939092916966;-24,249399964229376;-21,052057982560886;6,0;13,0
341;19,0;45,00294759176961;45,32538132559709;54,42960304360508;54,36698172806431;48,34018533907245;37,25860790496022;26,273562718922072;26,16278930764082;-43,700723232210535;-35,438803404625766;-29,046086768831763;-24,494953833437272;-21,172571738762386;6,5;14,0
342;19,0;45,53866831633013;49,43601127304818;59,15739148582475;56,79890601113186;49,89961095945319;41,94465493968217;32,467398837798825;23,205377427694472;-40,274221864381666;-32,42267744550559;-25,568182871610542;-20,947962870109606;-17,873014219141005;7,0;15,0
343;19,0;44,170396073181244;49,97293337554681;58,842675276272935;63,47408246518688;50,062541557710546;42,572752353663745;33,72500306882097;26,47914540504651;-36,612091466306104;-28,790763469538806;-22,41646341375018;-17,491423125161994;-14,409483818171726;7,5;16,0
344;19,0;45,24102307858147;46,9903696369946;58,59609450238003;57,7144657867227;50,97924287844084;41,45716341618822;31,786536647103464;27,562271485689593;-41,242631898253606;-33,32061042325637;-26,446506732105128;-21,34724536534754;-17,958508001468513;8,0;17,0
345;19,0;44,992200750213755;48,476329869681535;58,72299911154529;56,539536616774654;51,437071130226066;40,30364011278179;31,11955999412828;27,338656166414115;-40,260456299505705;-32,534179485536505;-26,24290718780001;-21,233461505385517;-18,034275873956933;8,5;18,0
346;20,0;33,826527143748194;44,44051512708776;52,35007612554887;63,85653152721684;54,075796859400796;50,96697377939984;34,655023109040556;23,011100891195333;-39,912438823679985;-31,669676404630906;-25,198724442803695;-20,580389122105682;-16,876286767151765;0,0;1,0
347;20,0;20,666344682830623;43,10334848261004;49,196095181491515;56,72547074309434;63,97311498454286;58,156413683255295;37,54247771555172;15,512857598964509;-41,94297287279945;-33,56986395800335;-26,443723685025567;-19,994170365807054;-15,24346729550599;0,5;2,0
348;20,0;24,14920275351916;39,49313836033625;47,38667622843033;54,72459968338367;50,82073954641112;46,40650017921325;27,38381881896995;12,793008688997174;-52,46710664538475;-44,33193717100022;-37,20623000296672;-30,39629480724336;-24,43732842927202;1,0;3,0
349;20,0;16,025862052265772;41,97252236268342;45,36902031451545;51,69874849475036;56,67536896338337;49,21915566951241;34,20535185534346;12,312812191780026;-51,41934525619099;-43,0744419788425;-35,80710827756498;-28,719947357912645;-22,426972658393467;1,5;4,0
350;20,0;18,351767973926265;40,606676730739636;50,11718509139016;57,139108204966305;51,79233806514864;47,73682551830659;36,87173315141046;17,26571158249843;-47,20227794989312;-38,55477939881613;-32,345469029240824;-27,22051923690142;-22,675147927500444;2,0;5,0
351;20,0;15,241260054370123;28,03363259922598;36,78670843979808;41,05358895238746;40,40410723295444;35,669189331454064;24,02975013984651;9,545310824462051;-63,86461280451598;-55,345238159070355;-47,831965879852646;-41,36583807234998;-36,364411844;2,5;6,0
352;20,0;12,467767925718354;34,10948683017455;43,45021047715623;50,335368572784446;39,211714210259785;42,68622549726871;30,359758213615304;9,430857589557268;-59,42763781218885;-51,224148510407865;-43,50011640239199;-36,277638998075815;-29,737573645343605;3,0;7,0
353;20,0;13,606737934025654;31,159457768640838;43,19107133058333;48,46779507099587;36,36958376546323;36,59779165784178;31,862766977023483;13,263466714487622;-56,68417395168262;-48,37079843903324;-41,091041844063405;-35,533387529506975;-31,508635599041096;3,5;8,0
354;20,0;14,412764135704048;33,54329337959785;44,07851081796657;52,46043127000533;41,40460887497141;40,33794287604447;28,51726896754043;11,193536592320259;-58,48770655866438;-50,22257122354151;-42,850758639792225;-36,32959861247399;-30,19680979198875;4,0;9,0
355;20,0;15,45181491602442;32,37062655365814;38,76923911444947;47,96316780736669;47,82502501133038;42,62345942373082;31,862153887333243;15,649802915238539;-54,322187710122726;-46,012121738240396;-38,48770655866438;-32,72995152918723;-28,517961041465277;4,5;10,0
356;20,0;13,117115003568935;32,0135237286886;44,39045099475279;48,581997105936104;44,747082202575406;45,95355796360408;37,4616016050524;15,845556252751905;-56,68417395168262;-48,232924280075224;-41,36583807234998;-34,64522487768921;-29,426046281619904;5,0;11,0
357;20,0;16,085608794377062;35,039586386850786;41,941074825864845;54,87530665981292;56,28790937266636;54,88294845368162;41,208412860041925;18,938676184386505;-47,20227794989312;-38,57725260575926;-30,892766481744005;-24,271044355290194;-19,823673323854784;5,5;12,0
358;20,0;24,518078926436925;43,51227755170954;51,22457375108365;61,485562163231734;57,02936815670698;53,45401556417482;37,421480549159696;19,075572407425366;-45,15542720181067;-36,648057934417366;-28,849303806635753;-21,855561197818112;-17,20219547953438;6,0;13,0
359;20,0;26,97559297965949;43,36472497520429;60,000926090043436;60,61193886340029;53,12180609040559;52,248972373054904;37,04864615580048;20,071025451030028;-44,24507755078458;-35,80710827756498;-27,825437589700854;-21,061038741215235;-16,82463978766036;6,5;14,0
360;20,0;19,76929615968884;43,08488695397972;58,70546347337908;59,713450198880274;52,049796756957896;50,04586613941606;38,591894846002674;16,2524203170561;-41,64961288170624;-33,44434313723417;-26,660705650503278;-21,844900798656084;-18,672052749410057;7,0;15,0
361;20,0;25,662540378544048;43,16041634664599;54,57128801080454;54,39842565582922;48,46798931670384;46,30836894971823;34,91172357995039;17,33009912618438;-46,06524661111521;-38,44327735878522;-31,79244720669951;-26,97447758759332;-23,436888537110924;7,5;16,0
362;20,0;19,033706412600452;38,625679482558446;47,470702832397286;59,18020213892977;53,05317049502264;50,610201204546364;37,702753767013206;17,154984621736208;-46,17248117855737;-37,80274967996088;-30,892766481744005;-25,369184714363364;-21,16044484026467;8,0;17,0
363;20,0;22,87428850872947;39,74086108495771;47,409738448637626;55,16308809143854;55,57247056240612;50,1441954256904;34,54044400346897;13,494764208701424;-45,15542720181067;-37,20623000296672;-30,50222160344233;-25,5732167110085;-21,82443728527476;8,5;18,0
